Date,Medicine,Category,Company,Batch No,Qty,Sell Price,Buy Price,Stock,Expiry,Supplier,Invoice No,GST,HSN,Discount,Total
08-10-2024,Azithromycin 500,Antibiotic,Sun Pharma,B2424,14,135.97,116.24,346,16-10-2026,LifeMed Traders,,,,,
31-01-2024,Telmisartan,Heart,Sun Pharma,B4257,78,60.1,49.41,13,23-02-2026,LifeMed Traders,,,,,
04-04-2025,Telmisartan,Heart,Dr. Reddy's,B7924,1,403.96,268.46,388,13-03-2026,PharmaLink,,,,,
08-08-2024,Vitamin D3,Vitamin,Mankind,B6881,12,546.75,431.09,194,14-05-2025,PharmaLink,,,,,
14-02-2024,Zinc Tablet,Supplement,Torrent,B5803,49,452.22,330.54,40,28-02-2026,LifeMed Traders,,,,,
15-07-2024,Insulin,Diabetes,Glenmark,B2307,30,358.68,319.42,395,03-11-2025,MediSupply,,,,,
11-10-2024,Azithromycin 500,Antibiotic,Lupin,B4432,21,316.17,208.41,189,07-04-2026,PharmaLink,,,,,
12-10-2025,Crocin,Painkiller,Glenmark,B5422,21,122.5,83.64,236,03-05-2027,LifeMed Traders,,,,,
27-02-2024,Vitamin C,Vitamin,Alkem,B2084,41,121.92,109.24,205,26-05-2025,MediSupply,,,,,
05-08-2024,Diclofenac Gel,Painkiller,Alkem,B3287,59,386.36,297.7,73,30-10-2025,MediSupply,,,,,
26-09-2024,Ibuprofen,Painkiller,Abbott,B4593,75,444.44,338.18,204,30-03-2026,MediSupply,,,,,
03-04-2024,Cough Syrup,Cold,Zydus,B7916,20,523.54,342.06,321,12-03-2025,LifeMed Traders,,,,,
25-01-2025,Crocin,Painkiller,Lupin,B1188,33,362.03,271.38,497,10-02-2027,Health Distributors,,,,,
18-10-2025,Ibuprofen,Painkiller,Torrent,B5315,21,197.44,158.36,232,19-04-2026,LifeMed Traders,,,,,
18-04-2024,Cetirizine,Allergy,Abbott,B3504,65,490.66,392.77,311,06-05-2025,PharmaLink,,,,,
27-06-2025,Cetirizine,Allergy,Abbott,B6947,63,579.34,413.97,9,17-04-2026,PharmaLink,,,,,
03-09-2024,Vitamin C,Vitamin,Sun Pharma,B2133,11,623.22,396.08,374,12-07-2026,LifeMed Traders,,,,,
06-11-2025,Amoxicillin 500,Antibiotic,Mankind,B7932,34,299.82,218.07,270,16-01-2028,MediSupply,,,,,
31-12-2025,Ibuprofen,Painkiller,Dr. Reddy's,B8397,48,232.89,145.78,224,10-12-2027,Health Distributors,,,,,
06-03-2024,Vitamin C,Vitamin,Dr. Reddy's,B1117,30,219.48,157.43,301,15-04-2025,Health Distributors,,,,,
10-03-2024,Dolo 650,Painkiller,Dr. Reddy's,B5562,10,624.47,408.2,263,07-05-2025,Care Wholesale,,,,,
15-05-2024,ORS Powder,Hydration,Abbott,B8749,74,505.08,327.72,242,17-07-2025,Care Wholesale,,,,,
09-04-2024,ORS Powder,Hydration,Cipla,B2612,53,382.21,299.27,239,30-11-2024,Health Distributors,,,,,
21-04-2024,Amlodipine,Heart,Alkem,B4006,58,140.91,117.91,71,24-12-2025,PharmaLink,,,,,
18-03-2024,Pantoprazole,Gastric,Dr. Reddy's,B9856,71,312.04,203.86,50,04-11-2024,Health Distributors,,,,,
19-06-2024,Crocin,Painkiller,Dr. Reddy's,B3697,52,251.57,187.64,462,14-02-2025,Care Wholesale,,,,,
28-09-2024,Paracetamol 500mg,Painkiller,Lupin,B8973,37,623.18,417.52,216,10-03-2027,MediSupply,,,,,
10-08-2024,ORS Powder,Hydration,Torrent,B1936,70,606.1,436.17,31,24-12-2025,Health Distributors,,,,,
29-05-2025,Diclofenac Gel,Painkiller,Zydus,B2312,8,565.85,414.37,491,29-04-2027,MediSupply,,,,,
10-03-2024,Crocin,Painkiller,Glenmark,B5033,16,373.12,306.44,482,12-04-2026,LifeMed Traders,,,,,
26-09-2025,Zinc Tablet,Supplement,Sun Pharma,B5272,73,63.21,44.24,267,11-02-2027,MediSupply,,,,,
28-09-2024,Metformin 500,Diabetes,Dr. Reddy's,B2188,39,262.67,182.94,234,13-02-2026,Health Distributors,,,,,
30-07-2025,Pantoprazole,Gastric,Glenmark,B3170,28,509.52,448.27,259,24-10-2026,PharmaLink,,,,,
13-01-2025,Crocin,Painkiller,Dr. Reddy's,B9666,70,176.71,133.96,360,17-05-2026,Health Distributors,,,,,
10-11-2025,Ibuprofen,Painkiller,Torrent,B3546,34,82.79,53.79,59,26-08-2026,PharmaLink,,,,,
03-08-2024,Calcium Tablet,Supplement,Glenmark,B5114,34,390.8,325.18,258,14-06-2026,Health Distributors,,,,,
10-10-2024,Crocin,Painkiller,Lupin,B3647,17,34.82,27.49,326,01-01-2026,Care Wholesale,,,,,
28-07-2025,Ibuprofen,Painkiller,Lupin,B7049,20,13.96,12.27,279,01-03-2026,LifeMed Traders,,,,,
16-03-2025,Ibuprofen,Painkiller,Mankind,B4441,6,80.68,64.33,460,13-09-2026,MediSupply,,,,,
27-07-2025,Azithromycin 500,Antibiotic,Alkem,B4878,80,519.7,398.79,383,30-06-2026,MediSupply,,,,,
26-01-2024,Cetirizine,Allergy,Lupin,B5065,53,136.35,87.28,410,09-06-2026,PharmaLink,,,,,
26-01-2025,Cetirizine,Allergy,Cipla,B6728,29,601.78,393.5,102,08-11-2026,PharmaLink,,,,,
25-01-2024,Vitamin C,Vitamin,Dr. Reddy's,B5573,36,389.42,299.73,442,02-10-2024,PharmaLink,,,,,
26-11-2025,Cough Syrup,Cold,Lupin,B3925,4,604.25,441.67,59,16-02-2027,LifeMed Traders,,,,,
21-04-2024,Vitamin D3,Vitamin,Sun Pharma,B9379,41,345.81,271.68,223,30-06-2026,Health Distributors,,,,,
13-07-2024,Amlodipine,Heart,Glenmark,B4228,1,175.39,120.59,266,14-07-2026,PharmaLink,,,,,
11-11-2025,Telmisartan,Heart,Cipla,B9308,16,585.78,414.98,368,13-03-2027,PharmaLink,,,,,
16-02-2025,Telmisartan,Heart,Alkem,B7211,25,435.43,316.17,215,26-06-2027,MediSupply,,,,,
04-11-2024,Zinc Tablet,Supplement,Glenmark,B8043,39,284.4,187.49,146,04-12-2025,LifeMed Traders,,,,,
21-04-2025,Zinc Tablet,Supplement,Alkem,B2389,66,292.26,203.27,242,09-04-2026,PharmaLink,,,,,
09-12-2024,Cough Syrup,Cold,Glenmark,B4680,31,77.67,49.28,344,20-04-2026,MediSupply,,,,,
17-02-2024,Amoxicillin 500,Antibiotic,Sun Pharma,B4185,10,155.45,116.22,233,13-10-2025,Care Wholesale,,,,,
06-09-2024,Omeprazole,Gastric,Lupin,B4585,14,105.73,73.23,398,14-05-2026,MediSupply,,,,,
21-02-2024,Cough Syrup,Cold,Zydus,B8612,16,396.5,254.37,233,02-01-2025,LifeMed Traders,,,,,
20-11-2024,Ibuprofen,Painkiller,Glenmark,B7991,79,661.44,427.92,417,17-10-2026,LifeMed Traders,,,,,
01-05-2025,Pantoprazole,Gastric,Mankind,B8939,36,305.41,206.93,392,14-04-2027,MediSupply,,,,,
20-03-2024,Vitamin D3,Vitamin,Zydus,B2320,43,393.65,323.39,163,23-03-2026,MediSupply,,,,,
27-01-2025,Amoxicillin 500,Antibiotic,Dr. Reddy's,B6421,9,457.37,314.73,212,16-09-2026,LifeMed Traders,,,,,
04-03-2024,Pantoprazole,Gastric,Lupin,B1320,75,130.25,99.42,484,13-08-2026,LifeMed Traders,,,,,
07-01-2024,Amlodipine,Heart,Zydus,B9818,50,530.57,424.69,436,07-09-2025,LifeMed Traders,,,,,
14-05-2025,Zinc Tablet,Supplement,Dr. Reddy's,B7624,4,138.36,104.98,199,20-10-2026,MediSupply,,,,,
29-09-2025,Pantoprazole,Gastric,Mankind,B1444,76,379.17,244.08,288,04-02-2028,Health Distributors,,,,,
17-04-2025,Telmisartan,Heart,Mankind,B6355,42,108.64,88.32,108,22-01-2027,PharmaLink,,,,,
07-03-2025,Amlodipine,Heart,Torrent,B1853,3,136.34,119.5,383,09-03-2027,PharmaLink,,,,,
29-10-2025,Vitamin C,Vitamin,Cipla,B3496,32,28.77,25.79,102,17-05-2026,MediSupply,,,,,
16-11-2025,Amoxicillin 500,Antibiotic,Zydus,B7043,60,92.17,58.56,358,01-02-2027,MediSupply,,,,,
27-04-2024,Zinc Tablet,Supplement,Glenmark,B1420,40,415.76,351.78,55,08-06-2026,PharmaLink,,,,,
10-02-2025,Diclofenac Gel,Painkiller,Lupin,B4978,76,508.6,424.13,353,13-05-2027,Health Distributors,,,,,
03-05-2024,Calcium Tablet,Supplement,Glenmark,B8018,6,497.77,359.93,177,28-04-2026,PharmaLink,,,,,
25-10-2025,Crocin,Painkiller,Abbott,B6934,63,242.17,158.82,54,10-07-2027,Care Wholesale,,,,,
29-06-2024,Amoxicillin 500,Antibiotic,Lupin,B8921,35,526.01,332.34,315,30-06-2026,Care Wholesale,,,,,
01-10-2024,Telmisartan,Heart,Glenmark,B4995,12,183.97,150.46,142,04-07-2026,Care Wholesale,,,,,
15-11-2025,Diclofenac Gel,Painkiller,Glenmark,B4475,42,195.58,175.51,93,25-09-2027,PharmaLink,,,,,
13-10-2024,Vitamin D3,Vitamin,Alkem,B9464,36,576.03,397.1,284,21-04-2025,MediSupply,,,,,
20-02-2025,Crocin,Painkiller,Dr. Reddy's,B8342,61,331.24,223.95,330,03-01-2027,Health Distributors,,,,,
14-08-2024,Crocin,Painkiller,Torrent,B9698,75,228.14,186.75,188,09-06-2026,PharmaLink,,,,,
04-12-2024,Telmisartan,Heart,Abbott,B2976,40,216.94,163.5,128,24-01-2026,MediSupply,,,,,
02-07-2025,Metformin 500,Diabetes,Cipla,B5530,25,618.91,428.29,110,08-05-2027,LifeMed Traders,,,,,
16-10-2024,Cough Syrup,Cold,Glenmark,B3939,38,669.29,441.39,116,18-04-2026,PharmaLink,,,,,
09-05-2024,Paracetamol 500mg,Painkiller,Abbott,B3068,71,205.14,129.25,149,20-10-2026,Care Wholesale,,,,,
10-08-2025,Azithromycin 500,Antibiotic,Sun Pharma,B5136,44,179.05,133.68,94,30-03-2026,Care Wholesale,,,,,
14-02-2025,Azithromycin 500,Antibiotic,Cipla,B5978,7,312.9,225.35,77,12-01-2026,Health Distributors,,,,,
25-07-2025,Vitamin C,Vitamin,Cipla,B7232,80,485.32,345.88,115,10-07-2027,Care Wholesale,,,,,
25-08-2025,Pantoprazole,Gastric,Torrent,B2625,80,558.19,445.59,30,07-11-2027,MediSupply,,,,,
07-11-2025,ORS Powder,Hydration,Torrent,B1043,71,53.53,43.88,38,13-10-2026,Care Wholesale,,,,,
26-04-2025,Pantoprazole,Gastric,Glenmark,B2166,37,166.24,136.74,359,30-01-2027,MediSupply,,,,,
08-11-2025,Vitamin D3,Vitamin,Glenmark,B3441,15,435.6,363.33,278,23-12-2026,PharmaLink,,,,,
02-03-2024,Amoxicillin 500,Antibiotic,Cipla,B8195,73,101.98,81.34,471,20-06-2025,Health Distributors,,,,,
17-12-2025,Pantoprazole,Gastric,Torrent,B2317,70,229.81,185.91,252,06-09-2027,LifeMed Traders,,,,,
26-11-2024,Dolo 650,Painkiller,Lupin,B1339,30,305.88,274.84,492,15-04-2027,PharmaLink,,,,,
28-06-2024,Diclofenac Gel,Painkiller,Sun Pharma,B8141,36,307.91,215.96,92,16-08-2026,Care Wholesale,,,,,
22-12-2024,Crocin,Painkiller,Zydus,B6403,14,237.6,188.49,439,01-12-2025,Care Wholesale,,,,,
09-11-2025,Omeprazole,Gastric,Torrent,B2442,71,641.56,425.78,18,16-08-2027,PharmaLink,,,,,
28-04-2024,Vitamin D3,Vitamin,Alkem,B9889,66,568.78,436.82,422,26-10-2024,Care Wholesale,,,,,
11-07-2024,Telmisartan,Heart,Sun Pharma,B1845,64,334.69,237.15,320,04-04-2026,MediSupply,,,,,
14-05-2024,Vitamin D3,Vitamin,Abbott,B4920,63,551.41,418.03,62,09-12-2024,MediSupply,,,,,
15-01-2024,Calcium Tablet,Supplement,Abbott,B3522,15,289.06,252.1,236,10-11-2024,Care Wholesale,,,,,
23-12-2025,Calcium Tablet,Supplement,Abbott,B3369,61,195.51,128.85,124,01-10-2027,Care Wholesale,,,,,
04-06-2025,ORS Powder,Hydration,Glenmark,B6568,9,394.71,337.86,141,29-01-2027,LifeMed Traders,,,,,
16-10-2024,Vitamin D3,Vitamin,Sun Pharma,B3434,75,499.53,328.91,337,28-08-2026,Care Wholesale,,,,,
19-12-2024,Ibuprofen,Painkiller,Zydus,B4090,49,229.53,154.94,233,12-05-2026,MediSupply,,,,,
27-08-2024,Diclofenac Gel,Painkiller,Lupin,B7246,41,504.35,386.36,381,22-06-2026,Care Wholesale,,,,,
07-02-2024,Amoxicillin 500,Antibiotic,Zydus,B8213,43,100.97,63.8,445,15-11-2024,Health Distributors,,,,,
16-01-2024,Cough Syrup,Cold,Zydus,B5342,20,427.15,327.32,38,06-11-2025,PharmaLink,,,,,
27-10-2025,Zinc Tablet,Supplement,Lupin,B8994,69,55.0,43.5,194,15-03-2027,LifeMed Traders,,,,,
11-03-2024,Dolo 650,Painkiller,Glenmark,B8110,37,161.19,111.77,116,08-12-2024,Health Distributors,,,,,
19-06-2024,Azithromycin 500,Antibiotic,Zydus,B5806,6,488.4,314.75,166,11-02-2025,PharmaLink,,,,,
29-05-2024,Insulin,Diabetes,Lupin,B2293,24,151.42,115.94,87,23-05-2025,LifeMed Traders,,,,,
30-11-2025,Amlodipine,Heart,Glenmark,B5161,19,178.13,114.45,118,13-09-2027,Care Wholesale,,,,,
21-04-2025,Vitamin D3,Vitamin,Sun Pharma,B6661,21,584.63,406.33,37,13-01-2027,LifeMed Traders,,,,,
07-12-2025,Calcium Tablet,Supplement,Lupin,B2747,26,180.5,118.54,196,12-10-2027,MediSupply,,,,,
02-01-2025,Amlodipine,Heart,Glenmark,B7484,38,418.35,262.07,11,06-05-2027,PharmaLink,,,,,
03-12-2025,Paracetamol 500mg,Painkiller,Glenmark,B5689,78,558.57,352.01,381,22-10-2027,MediSupply,,,,,
12-08-2024,Zinc Tablet,Supplement,Alkem,B1645,18,408.17,289.39,321,18-05-2025,PharmaLink,,,,,
16-08-2025,Pantoprazole,Gastric,Sun Pharma,B3877,38,197.32,169.27,167,13-04-2027,MediSupply,,,,,
09-01-2025,Amoxicillin 500,Antibiotic,Abbott,B5835,22,377.73,242.64,131,13-11-2026,PharmaLink,,,,,
18-03-2024,Azithromycin 500,Antibiotic,Zydus,B6992,51,111.16,70.21,495,07-04-2026,Health Distributors,,,,,
27-09-2024,Amlodipine,Heart,Sun Pharma,B7086,34,325.42,245.16,299,20-04-2026,Health Distributors,,,,,
26-01-2024,Vitamin C,Vitamin,Zydus,B4626,42,442.94,281.84,468,09-04-2026,Health Distributors,,,,,
26-10-2025,Pantoprazole,Gastric,Torrent,B2902,5,220.49,188.47,155,10-09-2027,Health Distributors,,,,,
18-05-2024,Vitamin C,Vitamin,Abbott,B3531,70,231.11,179.78,214,08-07-2026,Care Wholesale,,,,,
22-09-2025,Azithromycin 500,Antibiotic,Zydus,B4559,5,296.86,188.39,353,04-04-2027,Care Wholesale,,,,,
06-01-2025,Pantoprazole,Gastric,Dr. Reddy's,B6876,70,74.9,51.91,461,26-04-2027,Health Distributors,,,,,
13-07-2024,Amlodipine,Heart,Torrent,B4475,59,686.41,435.95,46,18-11-2026,LifeMed Traders,,,,,
07-12-2024,Paracetamol 500mg,Painkiller,Sun Pharma,B4394,73,134.51,115.66,105,14-08-2025,LifeMed Traders,,,,,
02-12-2024,ORS Powder,Hydration,Dr. Reddy's,B3370,77,523.42,350.27,1,10-03-2026,MediSupply,,,,,
27-06-2024,Ibuprofen,Painkiller,Torrent,B4898,17,86.77,56.59,7,25-12-2025,LifeMed Traders,,,,,
27-06-2024,Metformin 500,Diabetes,Sun Pharma,B2041,54,145.76,125.29,269,19-04-2025,Care Wholesale,,,,,
09-06-2025,Pantoprazole,Gastric,Alkem,B1710,29,358.55,270.4,484,27-08-2027,LifeMed Traders,,,,,
20-10-2025,Calcium Tablet,Supplement,Zydus,B7984,62,490.71,434.1,433,03-06-2027,Health Distributors,,,,,
16-03-2024,Omeprazole,Gastric,Zydus,B5505,19,511.33,405.48,33,19-01-2025,LifeMed Traders,,,,,
30-12-2025,Diclofenac Gel,Painkiller,Abbott,B9282,68,242.36,151.73,150,05-10-2027,LifeMed Traders,,,,,
19-12-2025,Telmisartan,Heart,Cipla,B8046,71,83.6,58.57,369,23-01-2027,Care Wholesale,,,,,
13-12-2024,Vitamin C,Vitamin,Lupin,B6120,13,485.6,373.72,160,22-08-2026,PharmaLink,,,,,
04-12-2025,Insulin,Diabetes,Mankind,B2582,11,471.52,415.96,47,18-08-2027,PharmaLink,,,,,
02-03-2024,Amoxicillin 500,Antibiotic,Abbott,B7730,43,368.98,267.22,343,01-01-2025,PharmaLink,,,,,
21-10-2024,Telmisartan,Heart,Sun Pharma,B3535,74,348.78,273.38,259,22-11-2025,Care Wholesale,,,,,
24-12-2024,Vitamin C,Vitamin,Cipla,B8030,36,489.97,381.66,293,08-02-2026,LifeMed Traders,,,,,
22-11-2025,Zinc Tablet,Supplement,Glenmark,B5477,35,325.11,292.07,14,21-11-2026,PharmaLink,,,,,
07-01-2024,Metformin 500,Diabetes,Alkem,B1502,52,103.31,88.18,35,27-11-2024,Health Distributors,,,,,
20-01-2025,Cough Syrup,Cold,Dr. Reddy's,B2391,48,245.92,193.57,159,16-06-2026,Health Distributors,,,,,
24-09-2025,Amoxicillin 500,Antibiotic,Mankind,B8957,57,34.22,30.0,338,31-05-2027,LifeMed Traders,,,,,
06-10-2024,Pantoprazole,Gastric,Lupin,B5640,45,140.07,103.28,220,26-07-2025,LifeMed Traders,,,,,
14-11-2025,Omeprazole,Gastric,Abbott,B4349,77,174.66,144.32,28,20-05-2026,PharmaLink,,,,,
18-09-2024,ORS Powder,Hydration,Mankind,B3878,64,157.69,135.94,382,31-05-2026,MediSupply,,,,,
21-12-2025,Amlodipine,Heart,Abbott,B1693,46,151.33,109.71,36,30-07-2027,Care Wholesale,,,,,
20-03-2024,Paracetamol 500mg,Painkiller,Zydus,B7843,74,539.95,389.05,207,03-07-2026,PharmaLink,,,,,
22-01-2024,Azithromycin 500,Antibiotic,Lupin,B6928,80,515.95,435.06,235,26-06-2026,Health Distributors,,,,,
06-09-2024,Telmisartan,Heart,Cipla,B6562,11,260.79,200.57,202,16-01-2026,MediSupply,,,,,
19-03-2024,Metformin 500,Diabetes,Mankind,B6752,66,270.31,233.63,99,07-09-2025,MediSupply,,,,,
29-05-2024,Vitamin C,Vitamin,Cipla,B2234,20,143.76,121.14,389,27-09-2026,MediSupply,,,,,
31-07-2025,Omeprazole,Gastric,Zydus,B6295,73,455.44,343.87,329,08-11-2027,PharmaLink,,,,,
10-03-2024,Amoxicillin 500,Antibiotic,Zydus,B6766,36,304.74,215.26,302,02-11-2024,LifeMed Traders,,,,,
17-04-2025,Crocin,Painkiller,Torrent,B2479,37,234.43,207.75,39,05-08-2027,LifeMed Traders,,,,,
28-01-2025,Zinc Tablet,Supplement,Abbott,B4084,6,292.67,212.52,230,04-03-2027,PharmaLink,,,,,
28-05-2025,Zinc Tablet,Supplement,Zydus,B2381,14,84.46,74.68,415,10-11-2026,LifeMed Traders,,,,,
10-09-2024,Cetirizine,Allergy,Sun Pharma,B3600,68,511.79,320.77,267,23-11-2026,PharmaLink,,,,,
31-01-2025,Insulin,Diabetes,Torrent,B6482,77,239.47,188.68,26,07-05-2027,Health Distributors,,,,,
25-07-2025,Metformin 500,Diabetes,Cipla,B6461,78,382.36,307.84,447,23-06-2026,Health Distributors,,,,,
24-12-2024,Diclofenac Gel,Painkiller,Mankind,B2388,51,207.24,145.12,66,21-02-2027,PharmaLink,,,,,
20-10-2025,Ibuprofen,Painkiller,Lupin,B7937,68,539.22,357.91,47,08-02-2028,LifeMed Traders,,,,,
06-01-2025,Insulin,Diabetes,Sun Pharma,B4145,44,227.7,144.52,485,14-11-2026,MediSupply,,,,,
20-03-2024,Amoxicillin 500,Antibiotic,Mankind,B9626,65,207.29,138.74,394,22-03-2026,Health Distributors,,,,,
14-05-2024,Metformin 500,Diabetes,Glenmark,B3712,24,320.15,271.98,425,20-10-2026,Care Wholesale,,,,,
08-01-2025,Dolo 650,Painkiller,Lupin,B8355,57,374.1,306.95,312,24-04-2026,MediSupply,,,,,
12-11-2024,Ibuprofen,Painkiller,Dr. Reddy's,B8218,25,648.79,434.79,188,05-04-2027,Care Wholesale,,,,,
29-05-2025,Calcium Tablet,Supplement,Lupin,B3267,26,381.76,241.14,410,06-08-2027,PharmaLink,,,,,
15-01-2025,Dolo 650,Painkiller,Zydus,B5670,67,291.4,253.11,435,18-11-2025,Health Distributors,,,,,
05-04-2025,Cetirizine,Allergy,Torrent,B8391,56,479.04,408.15,46,17-05-2026,PharmaLink,,,,,
24-02-2024,Paracetamol 500mg,Painkiller,Lupin,B4678,50,235.81,183.23,41,09-09-2025,Health Distributors,,,,,
27-10-2025,Metformin 500,Diabetes,Cipla,B3273,5,183.23,156.2,146,21-08-2027,Care Wholesale,,,,,
06-01-2024,Pantoprazole,Gastric,Glenmark,B9991,28,453.11,408.39,427,04-12-2024,LifeMed Traders,,,,,
23-04-2024,Cough Syrup,Cold,Lupin,B7878,16,427.89,351.07,24,21-06-2025,LifeMed Traders,,,,,
23-04-2024,Pantoprazole,Gastric,Cipla,B9443,69,510.02,377.82,8,29-07-2026,LifeMed Traders,,,,,
25-10-2024,Vitamin C,Vitamin,Mankind,B4068,31,278.27,197.72,292,23-06-2026,Health Distributors,,,,,
10-03-2024,Cough Syrup,Cold,Alkem,B7397,65,589.15,429.4,283,26-09-2024,Care Wholesale,,,,,
17-01-2025,Dolo 650,Painkiller,Lupin,B2698,9,133.1,120.11,176,19-03-2026,LifeMed Traders,,,,,
15-02-2024,Metformin 500,Diabetes,Mankind,B8612,23,207.81,163.72,425,15-07-2026,Care Wholesale,,,,,
05-03-2024,Cetirizine,Allergy,Mankind,B1717,5,510.03,324.49,150,26-03-2025,MediSupply,,,,,
13-11-2024,Dolo 650,Painkiller,Alkem,B1599,70,376.0,235.8,242,26-01-2026,MediSupply,,,,,
18-02-2024,Calcium Tablet,Supplement,Alkem,B8159,16,494.59,390.68,409,27-08-2025,Care Wholesale,,,,,
13-12-2024,Pantoprazole,Gastric,Lupin,B5369,64,590.99,438.39,188,24-11-2026,Health Distributors,,,,,
16-03-2025,Telmisartan,Heart,Cipla,B2680,70,414.48,274.28,150,06-08-2026,Health Distributors,,,,,
09-11-2024,Metformin 500,Diabetes,Torrent,B6759,22,299.19,205.09,353,05-08-2026,Care Wholesale,,,,,
21-09-2025,Dolo 650,Painkiller,Alkem,B7655,8,555.76,449.18,38,05-02-2028,PharmaLink,,,,,
01-02-2024,Cough Syrup,Cold,Mankind,B2101,57,99.82,71.11,17,06-12-2024,MediSupply,,,,,
27-01-2025,Insulin,Diabetes,Alkem,B7077,20,477.35,427.66,347,29-10-2026,PharmaLink,,,,,
10-08-2025,Pantoprazole,Gastric,Cipla,B5089,41,88.38,68.86,332,18-11-2026,Health Distributors,,,,,
26-05-2025,Paracetamol 500mg,Painkiller,Mankind,B8311,16,368.71,236.84,134,15-08-2026,MediSupply,,,,,
11-12-2025,Zinc Tablet,Supplement,Torrent,B8406,16,555.84,413.08,69,23-08-2026,MediSupply,,,,,
29-11-2025,Pantoprazole,Gastric,Cipla,B9882,45,694.13,435.66,363,02-08-2026,PharmaLink,,,,,
29-12-2025,Calcium Tablet,Supplement,Mankind,B9335,23,466.4,321.63,406,02-07-2027,MediSupply,,,,,
22-05-2024,Azithromycin 500,Antibiotic,Dr. Reddy's,B7044,47,151.73,112.64,283,27-06-2026,Care Wholesale,,,,,
18-09-2025,Ibuprofen,Painkiller,Mankind,B9612,51,451.84,398.84,367,20-07-2027,Care Wholesale,,,,,
16-03-2024,Telmisartan,Heart,Glenmark,B9476,10,79.78,63.39,230,02-01-2026,PharmaLink,,,,,
17-10-2025,Amoxicillin 500,Antibiotic,Abbott,B1907,17,397.39,267.8,221,11-09-2027,Health Distributors,,,,,
07-11-2024,Cough Syrup,Cold,Mankind,B5653,29,101.89,80.78,177,19-10-2026,Health Distributors,,,,,
12-10-2025,Vitamin D3,Vitamin,Dr. Reddy's,B2530,39,532.89,430.71,314,08-10-2027,LifeMed Traders,,,,,
17-08-2025,Cetirizine,Allergy,Glenmark,B1674,78,108.85,76.15,172,13-09-2027,Health Distributors,,,,,
18-10-2025,Crocin,Painkiller,Sun Pharma,B7825,27,429.82,348.79,392,22-11-2027,LifeMed Traders,,,,,
04-10-2025,Paracetamol 500mg,Painkiller,Zydus,B7653,39,354.03,249.15,247,08-12-2026,PharmaLink,,,,,
06-12-2025,Pantoprazole,Gastric,Cipla,B6573,62,45.51,34.48,237,29-12-2026,LifeMed Traders,,,,,
22-11-2024,Amoxicillin 500,Antibiotic,Alkem,B9437,52,508.88,332.52,66,04-06-2026,LifeMed Traders,,,,,
04-09-2024,Azithromycin 500,Antibiotic,Alkem,B1829,32,264.24,214.18,72,10-06-2025,PharmaLink,,,,,
04-03-2025,Amlodipine,Heart,Glenmark,B6123,21,180.45,117.74,416,01-08-2026,MediSupply,,,,,
11-06-2025,Cetirizine,Allergy,Zydus,B7442,64,329.97,214.33,11,10-03-2026,LifeMed Traders,,,,,
08-08-2024,Pantoprazole,Gastric,Dr. Reddy's,B8710,37,298.89,265.84,253,08-10-2026,PharmaLink,,,,,
20-04-2024,Ibuprofen,Painkiller,Sun Pharma,B6995,47,305.89,198.47,391,03-12-2025,Health Distributors,,,,,
06-08-2025,Amlodipine,Heart,Sun Pharma,B9261,37,328.41,256.32,37,04-03-2027,Care Wholesale,,,,,
30-09-2025,Ibuprofen,Painkiller,Torrent,B6555,13,357.95,308.74,201,15-04-2027,LifeMed Traders,,,,,
22-07-2024,Insulin,Diabetes,Mankind,B3245,6,356.77,274.29,23,26-02-2025,PharmaLink,,,,,
12-04-2025,Omeprazole,Gastric,Abbott,B6218,18,114.18,73.83,167,28-06-2027,MediSupply,,,,,
02-11-2024,Amlodipine,Heart,Glenmark,B5911,66,366.07,270.43,272,14-09-2026,Care Wholesale,,,,,
05-12-2024,Paracetamol 500mg,Painkiller,Alkem,B1436,75,486.24,305.82,157,08-05-2027,LifeMed Traders,,,,,
02-11-2025,Omeprazole,Gastric,Torrent,B8871,74,526.84,354.04,116,22-06-2026,MediSupply,,,,,
24-01-2025,Cough Syrup,Cold,Glenmark,B2800,5,105.61,73.32,293,10-07-2027,MediSupply,,,,,
17-11-2024,Paracetamol 500mg,Painkiller,Zydus,B8726,27,252.28,193.1,210,11-10-2026,Health Distributors,,,,,
31-07-2024,Amoxicillin 500,Antibiotic,Abbott,B6140,62,409.22,255.91,269,16-02-2026,MediSupply,,,,,
16-12-2024,Pantoprazole,Gastric,Abbott,B4150,34,358.69,249.45,312,22-10-2026,MediSupply,,,,,
01-11-2024,Vitamin D3,Vitamin,Abbott,B4396,39,170.37,107.39,394,19-02-2026,Care Wholesale,,,,,
23-12-2024,Metformin 500,Diabetes,Zydus,B9899,36,400.81,255.74,147,23-10-2025,Care Wholesale,,,,,
29-05-2024,Amlodipine,Heart,Alkem,B5201,11,169.63,136.38,177,20-02-2026,Care Wholesale,,,,,
05-07-2025,ORS Powder,Hydration,Dr. Reddy's,B4920,35,176.55,127.84,70,22-04-2026,MediSupply,,,,,
19-08-2024,Dolo 650,Painkiller,Abbott,B2647,53,326.58,289.97,169,13-06-2026,MediSupply,,,,,
10-06-2024,Paracetamol 500mg,Painkiller,Abbott,B4267,61,294.46,187.85,244,04-10-2026,PharmaLink,,,,,
23-10-2025,Metformin 500,Diabetes,Torrent,B1611,74,50.69,34.15,118,20-10-2027,MediSupply,,,,,
07-02-2024,Telmisartan,Heart,Mankind,B1613,64,582.7,448.75,95,28-05-2025,Health Distributors,,,,,
09-09-2025,Calcium Tablet,Supplement,Glenmark,B9901,37,88.22,55.43,232,24-12-2027,LifeMed Traders,,,,,
31-05-2025,Omeprazole,Gastric,Mankind,B8518,15,257.07,214.87,169,12-05-2026,PharmaLink,,,,,
11-12-2024,Cetirizine,Allergy,Sun Pharma,B7643,25,494.77,357.52,89,24-02-2027,Care Wholesale,,,,,
29-03-2024,Cough Syrup,Cold,Alkem,B5064,18,212.52,185.17,244,22-08-2025,Health Distributors,,,,,
29-08-2024,Vitamin D3,Vitamin,Lupin,B1187,43,253.43,205.46,154,14-10-2026,PharmaLink,,,,,
04-03-2024,Insulin,Diabetes,Dr. Reddy's,B9233,21,404.02,303.16,207,03-08-2026,PharmaLink,,,,,
11-01-2025,Azithromycin 500,Antibiotic,Torrent,B8454,18,338.27,279.66,244,13-12-2025,LifeMed Traders,,,,,
19-12-2025,Insulin,Diabetes,Lupin,B4578,69,334.87,250.76,410,27-04-2028,MediSupply,,,,,
22-06-2025,Zinc Tablet,Supplement,Cipla,B2838,10,298.3,205.46,469,19-07-2027,Health Distributors,,,,,
26-07-2024,Ibuprofen,Painkiller,Abbott,B8239,42,306.81,261.13,437,08-07-2026,Health Distributors,,,,,
15-05-2025,ORS Powder,Hydration,Glenmark,B9409,8,65.32,48.2,232,26-03-2026,Care Wholesale,,,,,
29-02-2024,Pantoprazole,Gastric,Glenmark,B7487,40,366.26,254.99,370,18-09-2024,PharmaLink,,,,,
15-08-2025,Paracetamol 500mg,Painkiller,Dr. Reddy's,B2130,9,52.84,40.28,277,13-04-2026,Care Wholesale,,,,,
22-02-2025,Dolo 650,Painkiller,Torrent,B8348,54,102.23,87.55,191,16-09-2026,Care Wholesale,,,,,
30-11-2025,Amlodipine,Heart,Cipla,B2943,18,667.41,434.15,334,20-05-2027,MediSupply,,,,,
25-06-2025,Ibuprofen,Painkiller,Lupin,B5888,1,102.18,64.29,387,14-01-2026,Care Wholesale,,,,,
28-06-2025,Ibuprofen,Painkiller,Lupin,B5516,59,213.37,175.64,177,01-06-2026,MediSupply,,,,,
07-11-2025,Azithromycin 500,Antibiotic,Sun Pharma,B2102,3,286.67,193.3,123,03-12-2026,Health Distributors,,,,,
02-04-2025,Zinc Tablet,Supplement,Sun Pharma,B7590,7,395.17,272.22,125,13-11-2025,Care Wholesale,,,,,
10-08-2024,Vitamin C,Vitamin,Abbott,B4836,18,508.07,341.44,257,29-11-2025,LifeMed Traders,,,,,
04-09-2025,Metformin 500,Diabetes,Glenmark,B9540,31,527.4,349.46,154,27-07-2026,MediSupply,,,,,
08-10-2024,Telmisartan,Heart,Torrent,B7999,23,55.0,34.94,320,02-03-2027,LifeMed Traders,,,,,
18-12-2024,Omeprazole,Gastric,Sun Pharma,B7821,68,608.98,424.18,163,30-05-2027,Care Wholesale,,,,,
20-01-2025,Amoxicillin 500,Antibiotic,Torrent,B5927,31,122.21,89.27,434,06-03-2026,MediSupply,,,,,
29-07-2025,Pantoprazole,Gastric,Sun Pharma,B4978,68,249.09,190.4,68,26-02-2027,PharmaLink,,,,,
24-10-2025,ORS Powder,Hydration,Alkem,B4120,48,56.9,42.95,47,22-10-2027,Health Distributors,,,,,
20-11-2025,Vitamin D3,Vitamin,Lupin,B4555,10,308.39,275.4,96,10-01-2028,Care Wholesale,,,,,
06-11-2024,ORS Powder,Hydration,Alkem,B8846,25,477.4,431.0,492,02-09-2025,MediSupply,,,,,
10-02-2025,Zinc Tablet,Supplement,Dr. Reddy's,B9743,37,567.6,412.49,194,29-11-2026,PharmaLink,,,,,
03-01-2025,Calcium Tablet,Supplement,Torrent,B6246,13,316.47,234.66,411,25-10-2026,MediSupply,,,,,
27-02-2025,Insulin,Diabetes,Alkem,B7841,19,43.22,28.21,8,20-05-2026,PharmaLink,,,,,
03-12-2024,Amoxicillin 500,Antibiotic,Dr. Reddy's,B6530,32,151.88,109.67,255,16-12-2026,PharmaLink,,,,,
16-04-2025,Omeprazole,Gastric,Zydus,B9000,22,123.33,82.36,71,25-04-2027,MediSupply,,,,,
20-06-2025,Ibuprofen,Painkiller,Sun Pharma,B7756,7,34.96,22.95,391,23-12-2025,MediSupply,,,,,
25-12-2025,Vitamin C,Vitamin,Cipla,B8916,59,90.41,74.76,191,23-08-2026,Care Wholesale,,,,,
28-06-2025,Paracetamol 500mg,Painkiller,Sun Pharma,B9777,68,278.51,251.83,369,02-10-2026,PharmaLink,,,,,
15-12-2025,Paracetamol 500mg,Painkiller,Abbott,B9591,23,459.82,305.92,54,19-09-2026,MediSupply,,,,,
26-09-2025,Vitamin C,Vitamin,Dr. Reddy's,B2294,35,362.87,240.69,407,05-05-2027,PharmaLink,,,,,
01-08-2025,Amlodipine,Heart,Zydus,B1519,39,167.32,115.5,350,20-04-2026,Health Distributors,,,,,
21-01-2025,Amlodipine,Heart,Lupin,B2354,2,284.6,252.29,359,11-01-2026,Care Wholesale,,,,,
02-08-2025,Telmisartan,Heart,Alkem,B4764,68,698.21,439.98,470,13-03-2026,MediSupply,,,,,
04-10-2024,Diclofenac Gel,Painkiller,Zydus,B1539,36,32.5,28.58,460,10-10-2026,MediSupply,,,,,
31-07-2024,Metformin 500,Diabetes,Sun Pharma,B5903,51,394.82,267.47,475,15-04-2025,MediSupply,,,,,
03-08-2025,Diclofenac Gel,Painkiller,Dr. Reddy's,B3292,70,487.95,376.92,169,27-02-2027,Health Distributors,,,,,
24-02-2024,Cough Syrup,Cold,Alkem,B7499,10,62.24,51.18,174,03-05-2026,PharmaLink,,,,,
06-04-2025,Paracetamol 500mg,Painkiller,Torrent,B7227,49,287.34,224.85,221,11-04-2026,Health Distributors,,,,,
09-09-2024,Zinc Tablet,Supplement,Torrent,B3527,20,368.77,323.19,194,17-12-2026,Care Wholesale,,,,,
19-04-2024,Metformin 500,Diabetes,Alkem,B2674,57,76.14,48.45,184,19-07-2025,MediSupply,,,,,
17-03-2025,Crocin,Painkiller,Mankind,B2468,53,284.28,206.39,52,09-10-2025,PharmaLink,,,,,
03-09-2025,Ibuprofen,Painkiller,Cipla,B7779,50,343.75,272.34,6,25-12-2026,Care Wholesale,,,,,
05-09-2024,Crocin,Painkiller,Abbott,B5405,49,309.01,260.81,86,24-07-2025,PharmaLink,,,,,
29-05-2024,Vitamin D3,Vitamin,Zydus,B2260,54,47.37,35.96,153,04-04-2026,PharmaLink,,,,,
02-10-2025,Vitamin D3,Vitamin,Dr. Reddy's,B5991,59,319.89,227.14,54,16-08-2026,Health Distributors,,,,,
27-09-2025,Amlodipine,Heart,Alkem,B3230,57,269.34,175.91,171,09-06-2027,PharmaLink,,,,,
12-12-2025,Metformin 500,Diabetes,Glenmark,B5775,51,121.66,96.78,495,02-05-2027,Care Wholesale,,,,,
29-11-2024,Diclofenac Gel,Painkiller,Dr. Reddy's,B4273,51,262.77,174.22,186,21-09-2025,LifeMed Traders,,,,,
29-11-2025,Ibuprofen,Painkiller,Mankind,B8183,60,386.69,347.29,482,28-12-2026,PharmaLink,,,,,
20-11-2025,Crocin,Painkiller,Lupin,B3525,31,323.98,228.69,129,23-03-2028,Care Wholesale,,,,,
04-04-2025,Amlodipine,Heart,Cipla,B7853,52,597.32,445.89,273,03-03-2027,LifeMed Traders,,,,,
19-12-2025,Dolo 650,Painkiller,Alkem,B6816,11,552.6,403.81,55,26-02-2027,MediSupply,,,,,
30-07-2025,Zinc Tablet,Supplement,Sun Pharma,B8052,52,637.0,442.75,495,31-12-2026,Health Distributors,,,,,
21-09-2024,Paracetamol 500mg,Painkiller,Cipla,B4621,72,156.36,106.12,297,22-02-2027,Care Wholesale,,,,,
19-04-2025,Insulin,Diabetes,Lupin,B1402,65,487.14,349.38,77,04-10-2026,Care Wholesale,,,,,
01-03-2025,Azithromycin 500,Antibiotic,Torrent,B6620,19,474.18,414.88,178,13-07-2026,Care Wholesale,,,,,
09-05-2025,ORS Powder,Hydration,Abbott,B5919,58,186.05,161.95,163,12-01-2026,Health Distributors,,,,,
17-12-2024,Azithromycin 500,Antibiotic,Sun Pharma,B9454,22,423.51,294.4,476,19-02-2026,MediSupply,,,,,
04-12-2024,Ibuprofen,Painkiller,Mankind,B4022,30,403.41,255.45,408,21-07-2026,MediSupply,,,,,
30-01-2024,Telmisartan,Heart,Lupin,B7370,58,514.77,333.93,303,10-10-2025,Health Distributors,,,,,
12-10-2024,ORS Powder,Hydration,Dr. Reddy's,B9796,9,512.28,340.53,295,23-07-2025,MediSupply,,,,,
20-07-2024,Insulin,Diabetes,Alkem,B6134,63,258.84,210.24,270,01-11-2026,LifeMed Traders,,,,,
05-02-2025,Amlodipine,Heart,Glenmark,B5873,59,340.73,267.46,316,27-01-2026,LifeMed Traders,,,,,
19-11-2025,Diclofenac Gel,Painkiller,Cipla,B7116,40,77.88,67.2,59,21-11-2026,MediSupply,,,,,
04-03-2025,Cough Syrup,Cold,Lupin,B9804,55,376.85,271.62,95,11-01-2027,MediSupply,,,,,
16-05-2025,Ibuprofen,Painkiller,Mankind,B6882,58,161.92,135.66,317,05-01-2026,Health Distributors,,,,,
18-07-2024,Omeprazole,Gastric,Mankind,B7703,65,582.67,368.33,334,04-06-2026,Care Wholesale,,,,,
15-05-2025,Telmisartan,Heart,Zydus,B5503,29,113.28,81.93,149,14-12-2025,MediSupply,,,,,
21-06-2024,Ibuprofen,Painkiller,Torrent,B2854,64,488.26,353.09,281,25-05-2026,LifeMed Traders,,,,,
10-07-2025,Azithromycin 500,Antibiotic,Torrent,B9951,6,477.3,371.89,389,02-04-2027,MediSupply,,,,,
31-10-2025,Telmisartan,Heart,Cipla,B6711,5,424.72,340.09,230,23-01-2027,Health Distributors,,,,,
30-08-2024,Pantoprazole,Gastric,Cipla,B8015,45,148.01,100.77,440,12-11-2026,MediSupply,,,,,
30-07-2024,Zinc Tablet,Supplement,Mankind,B5605,73,552.37,367.58,179,25-07-2026,LifeMed Traders,,,,,
27-11-2024,Ibuprofen,Painkiller,Mankind,B2560,74,549.28,440.72,136,03-11-2026,MediSupply,,,,,
10-10-2024,Telmisartan,Heart,Sun Pharma,B6277,17,455.19,391.24,127,04-09-2025,MediSupply,,,,,
25-05-2024,Amlodipine,Heart,Zydus,B2237,54,324.91,263.22,192,26-02-2026,Health Distributors,,,,,
11-10-2024,Amlodipine,Heart,Abbott,B6362,59,484.77,315.06,486,21-08-2026,LifeMed Traders,,,,,
14-04-2025,Paracetamol 500mg,Painkiller,Cipla,B7516,9,418.08,288.6,407,11-04-2027,MediSupply,,,,,
21-05-2025,Telmisartan,Heart,Dr. Reddy's,B3139,44,191.83,126.69,280,01-07-2027,LifeMed Traders,,,,,
29-11-2025,Omeprazole,Gastric,Alkem,B3588,59,387.34,344.92,8,02-10-2026,Care Wholesale,,,,,
14-03-2025,Pantoprazole,Gastric,Sun Pharma,B5945,17,140.7,97.42,451,07-07-2027,MediSupply,,,,,
01-11-2025,Vitamin D3,Vitamin,Cipla,B6005,22,190.94,167.31,26,09-06-2027,MediSupply,,,,,
21-12-2025,Telmisartan,Heart,Cipla,B4705,10,60.42,50.07,67,16-02-2028,LifeMed Traders,,,,,
09-01-2024,Pantoprazole,Gastric,Sun Pharma,B8826,55,475.87,315.45,355,19-11-2024,Health Distributors,,,,,
01-04-2024,Vitamin C,Vitamin,Lupin,B3246,41,381.05,331.0,188,31-07-2025,Care Wholesale,,,,,
11-03-2024,Amoxicillin 500,Antibiotic,Mankind,B4490,22,267.76,242.48,225,01-09-2025,MediSupply,,,,,
04-12-2025,Telmisartan,Heart,Glenmark,B7291,13,245.99,203.53,71,06-10-2026,PharmaLink,,,,,
23-05-2024,Telmisartan,Heart,Alkem,B5668,32,167.15,117.52,283,27-07-2026,Health Distributors,,,,,
14-06-2025,Calcium Tablet,Supplement,Dr. Reddy's,B1894,51,329.94,276.26,151,03-10-2027,MediSupply,,,,,
25-04-2024,Omeprazole,Gastric,Lupin,B6916,10,162.57,114.56,270,03-11-2024,PharmaLink,,,,,
05-08-2025,Amoxicillin 500,Antibiotic,Lupin,B2195,23,266.42,194.02,390,29-05-2027,Health Distributors,,,,,
15-01-2024,Diclofenac Gel,Painkiller,Cipla,B9300,8,138.75,123.89,485,24-08-2025,PharmaLink,,,,,
09-03-2025,Cough Syrup,Cold,Lupin,B3501,69,363.13,318.2,275,28-05-2027,PharmaLink,,,,,
21-03-2024,Crocin,Painkiller,Torrent,B7401,20,281.17,234.0,274,17-08-2025,LifeMed Traders,,,,,
16-12-2025,Crocin,Painkiller,Torrent,B2412,31,317.5,201.37,29,19-02-2027,Care Wholesale,,,,,
18-09-2025,Azithromycin 500,Antibiotic,Zydus,B3248,23,347.66,277.1,61,29-03-2026,Health Distributors,,,,,
21-12-2024,Cetirizine,Allergy,Zydus,B3079,34,356.72,239.17,85,04-07-2026,PharmaLink,,,,,
09-12-2024,Azithromycin 500,Antibiotic,Sun Pharma,B2262,9,450.82,364.74,134,18-01-2027,Care Wholesale,,,,,
03-01-2025,Pantoprazole,Gastric,Abbott,B5179,22,49.71,32.5,188,10-12-2025,Health Distributors,,,,,
21-08-2024,Diclofenac Gel,Painkiller,Cipla,B8729,2,369.39,335.42,125,05-04-2025,PharmaLink,,,,,
02-07-2024,Amlodipine,Heart,Mankind,B7870,71,641.41,419.57,411,31-10-2026,MediSupply,,,,,
02-03-2025,Metformin 500,Diabetes,Dr. Reddy's,B2956,10,520.13,412.81,292,14-09-2026,LifeMed Traders,,,,,
16-08-2024,Dolo 650,Painkiller,Mankind,B5625,52,578.25,363.52,35,03-06-2026,PharmaLink,,,,,
20-07-2025,Metformin 500,Diabetes,Cipla,B4974,38,269.58,209.88,288,23-11-2026,Care Wholesale,,,,,
20-05-2025,Insulin,Diabetes,Glenmark,B3466,70,668.12,449.02,389,25-07-2026,Health Distributors,,,,,
26-08-2024,Telmisartan,Heart,Sun Pharma,B1023,2,350.75,247.36,486,31-01-2026,Care Wholesale,,,,,
29-07-2024,Calcium Tablet,Supplement,Cipla,B3332,63,295.24,242.18,492,27-03-2025,PharmaLink,,,,,
25-08-2024,Crocin,Painkiller,Sun Pharma,B2565,48,550.21,404.6,234,18-05-2025,LifeMed Traders,,,,,
17-03-2024,Amoxicillin 500,Antibiotic,Lupin,B5276,17,304.98,269.62,121,08-07-2025,PharmaLink,,,,,
21-11-2024,Amlodipine,Heart,Alkem,B2785,26,253.24,208.12,69,08-01-2027,MediSupply,,,,,
05-04-2025,Azithromycin 500,Antibiotic,Mankind,B8404,69,278.9,214.0,183,02-05-2026,PharmaLink,,,,,
02-05-2024,Pantoprazole,Gastric,Torrent,B1660,39,72.14,47.97,423,12-10-2026,MediSupply,,,,,
03-04-2024,Metformin 500,Diabetes,Mankind,B5896,51,510.64,322.33,262,19-11-2024,PharmaLink,,,,,
18-02-2025,Cetirizine,Allergy,Sun Pharma,B8570,71,531.53,385.73,127,21-11-2025,Health Distributors,,,,,
13-01-2024,Amoxicillin 500,Antibiotic,Cipla,B7563,29,52.55,35.26,66,29-01-2025,PharmaLink,,,,,
23-08-2025,Crocin,Painkiller,Glenmark,B8265,3,184.38,122.4,33,09-09-2026,MediSupply,,,,,
05-05-2024,Crocin,Painkiller,Alkem,B8096,22,35.75,26.87,473,11-06-2026,Care Wholesale,,,,,
26-01-2025,Omeprazole,Gastric,Sun Pharma,B5505,28,367.76,309.98,465,01-02-2026,PharmaLink,,,,,
05-02-2024,Pantoprazole,Gastric,Mankind,B8848,38,393.59,279.44,255,28-09-2025,Health Distributors,,,,,
27-01-2025,Crocin,Painkiller,Torrent,B9907,68,82.37,68.66,127,02-05-2027,Health Distributors,,,,,
06-05-2025,Amlodipine,Heart,Alkem,B7363,73,333.81,248.68,257,27-09-2026,PharmaLink,,,,,
22-11-2024,Cetirizine,Allergy,Sun Pharma,B9674,36,303.11,271.93,29,16-09-2026,PharmaLink,,,,,
12-06-2024,Diclofenac Gel,Painkiller,Dr. Reddy's,B4594,35,74.65,52.26,273,04-02-2025,LifeMed Traders,,,,,
26-06-2024,Amlodipine,Heart,Alkem,B1462,46,119.85,85.84,467,20-08-2026,PharmaLink,,,,,
25-05-2024,Diclofenac Gel,Painkiller,Glenmark,B3876,64,306.76,256.89,277,03-10-2025,Care Wholesale,,,,,
27-02-2024,Dolo 650,Painkiller,Cipla,B6435,68,134.03,110.82,244,25-08-2024,LifeMed Traders,,,,,
14-12-2024,ORS Powder,Hydration,Mankind,B3420,42,506.63,324.89,30,04-07-2025,LifeMed Traders,,,,,
22-06-2025,Amoxicillin 500,Antibiotic,Cipla,B7481,48,613.81,388.42,360,28-10-2027,LifeMed Traders,,,,,
05-11-2024,Azithromycin 500,Antibiotic,Alkem,B8982,56,239.13,150.59,405,17-02-2027,PharmaLink,,,,,
11-12-2025,Cetirizine,Allergy,Abbott,B3872,46,564.43,401.2,114,20-04-2028,Care Wholesale,,,,,
10-05-2024,Calcium Tablet,Supplement,Torrent,B1530,74,95.28,86.55,200,10-06-2026,MediSupply,,,,,
18-09-2025,Zinc Tablet,Supplement,Alkem,B2274,64,146.08,105.64,72,19-02-2027,MediSupply,,,,,
20-06-2024,Insulin,Diabetes,Alkem,B5345,43,457.37,289.19,228,28-12-2024,MediSupply,,,,,
24-12-2024,Vitamin C,Vitamin,Cipla,B8179,1,140.14,121.44,24,22-07-2026,Care Wholesale,,,,,
19-05-2025,Cetirizine,Allergy,Lupin,B4695,49,507.36,397.74,51,20-03-2027,MediSupply,,,,,
04-02-2024,Pantoprazole,Gastric,Cipla,B3787,14,174.23,138.35,37,18-07-2025,Care Wholesale,,,,,
14-07-2025,Cetirizine,Allergy,Cipla,B8909,44,674.21,424.29,304,30-09-2027,Health Distributors,,,,,
13-09-2025,Telmisartan,Heart,Mankind,B4112,13,472.92,401.27,169,08-10-2026,Care Wholesale,,,,,
28-09-2024,Ibuprofen,Painkiller,Abbott,B9043,13,374.59,299.98,25,03-05-2026,MediSupply,,,,,
04-01-2024,Dolo 650,Painkiller,Alkem,B2589,77,245.71,197.0,245,22-01-2025,Health Distributors,,,,,
15-10-2025,ORS Powder,Hydration,Mankind,B8715,15,156.29,136.98,157,25-05-2027,Care Wholesale,,,,,
19-10-2025,Vitamin D3,Vitamin,Cipla,B8303,49,296.32,248.5,189,25-10-2026,Health Distributors,,,,,
21-04-2025,Vitamin D3,Vitamin,Zydus,B2584,73,188.94,124.42,31,21-03-2026,Health Distributors,,,,,
27-02-2025,Insulin,Diabetes,Abbott,B9561,71,609.62,437.05,31,26-09-2026,Care Wholesale,,,,,
09-08-2025,Ibuprofen,Painkiller,Zydus,B9226,11,532.16,397.69,202,12-03-2026,LifeMed Traders,,,,,
24-11-2025,Cough Syrup,Cold,Glenmark,B4471,58,519.23,442.38,88,10-11-2026,MediSupply,,,,,
09-03-2025,Amoxicillin 500,Antibiotic,Sun Pharma,B3422,26,61.47,42.64,421,09-06-2027,LifeMed Traders,,,,,
09-03-2024,Vitamin D3,Vitamin,Alkem,B9514,71,64.04,46.47,166,14-06-2025,Care Wholesale,,,,,
24-08-2025,Paracetamol 500mg,Painkiller,Glenmark,B2641,54,313.0,238.97,76,21-07-2026,Health Distributors,,,,,
19-10-2024,Diclofenac Gel,Painkiller,Cipla,B8955,53,602.81,391.42,135,14-05-2026,LifeMed Traders,,,,,
08-02-2024,Zinc Tablet,Supplement,Zydus,B7581,80,109.47,84.11,311,04-07-2026,Health Distributors,,,,,
08-12-2025,Amlodipine,Heart,Alkem,B1331,35,166.45,113.01,459,22-06-2027,PharmaLink,,,,,
14-10-2024,Calcium Tablet,Supplement,Torrent,B3201,13,581.89,380.54,497,01-12-2025,PharmaLink,,,,,
02-10-2024,Pantoprazole,Gastric,Alkem,B4463,12,463.0,330.13,96,26-06-2026,Care Wholesale,,,,,
17-01-2025,Omeprazole,Gastric,Abbott,B9303,21,503.53,370.89,33,30-05-2026,Care Wholesale,,,,,
05-08-2025,Amoxicillin 500,Antibiotic,Abbott,B5087,26,24.88,20.8,428,01-04-2026,Health Distributors,,,,,
04-01-2025,Pantoprazole,Gastric,Sun Pharma,B3029,60,395.16,319.45,258,13-08-2026,Health Distributors,,,,,
15-05-2025,Vitamin C,Vitamin,Alkem,B6730,61,321.65,270.57,300,29-05-2027,PharmaLink,,,,,
06-12-2025,Cetirizine,Allergy,Torrent,B4511,7,53.4,47.95,83,10-01-2028,MediSupply,,,,,
02-10-2024,Vitamin C,Vitamin,Dr. Reddy's,B3837,2,401.57,296.0,242,13-08-2025,LifeMed Traders,,,,,
15-09-2024,Paracetamol 500mg,Painkiller,Dr. Reddy's,B6713,36,435.13,276.89,216,03-04-2026,Care Wholesale,,,,,
22-04-2025,Vitamin D3,Vitamin,Dr. Reddy's,B2676,80,192.55,141.55,203,09-06-2027,Health Distributors,,,,,
28-07-2025,Cough Syrup,Cold,Alkem,B8892,39,413.11,294.13,350,14-05-2026,Health Distributors,,,,,
17-10-2025,Metformin 500,Diabetes,Torrent,B9475,39,187.88,151.71,96,15-09-2026,MediSupply,,,,,
17-02-2025,Dolo 650,Painkiller,Glenmark,B5843,4,432.04,299.95,335,07-01-2027,PharmaLink,,,,,
01-02-2025,Telmisartan,Heart,Lupin,B6622,74,464.26,333.64,417,10-02-2026,MediSupply,,,,,
18-11-2025,Ibuprofen,Painkiller,Zydus,B3967,22,208.09,166.46,430,20-03-2028,PharmaLink,,,,,
11-05-2024,Azithromycin 500,Antibiotic,Zydus,B6499,72,490.69,335.49,390,13-05-2025,Health Distributors,,,,,
16-08-2024,Vitamin C,Vitamin,Alkem,B5817,43,422.37,336.94,190,05-11-2025,Care Wholesale,,,,,
24-02-2024,Azithromycin 500,Antibiotic,Zydus,B4187,80,544.12,390.95,36,18-12-2025,LifeMed Traders,,,,,
26-06-2025,Azithromycin 500,Antibiotic,Lupin,B6614,20,157.64,139.87,70,16-07-2026,Care Wholesale,,,,,
26-05-2024,Diclofenac Gel,Painkiller,Zydus,B3897,11,215.53,147.84,249,28-10-2025,PharmaLink,,,,,
07-04-2025,Dolo 650,Painkiller,Sun Pharma,B9021,22,190.85,128.9,295,15-03-2026,Health Distributors,,,,,
20-03-2025,Amoxicillin 500,Antibiotic,Glenmark,B1618,62,374.89,288.0,196,20-09-2025,LifeMed Traders,,,,,
15-01-2024,ORS Powder,Hydration,Alkem,B1067,68,594.73,402.27,97,31-07-2024,MediSupply,,,,,
15-11-2024,Vitamin C,Vitamin,Alkem,B2069,76,83.95,64.99,156,01-11-2025,Health Distributors,,,,,
11-04-2025,Calcium Tablet,Supplement,Torrent,B3192,44,460.98,329.7,222,11-09-2027,PharmaLink,,,,,
11-07-2024,Omeprazole,Gastric,Alkem,B4675,52,125.64,80.88,9,28-08-2025,MediSupply,,,,,
26-08-2025,ORS Powder,Hydration,Sun Pharma,B5190,5,268.38,231.05,192,09-12-2027,LifeMed Traders,,,,,
31-08-2025,Zinc Tablet,Supplement,Sun Pharma,B2897,3,640.58,447.65,24,03-02-2028,Care Wholesale,,,,,
06-05-2024,Pantoprazole,Gastric,Lupin,B1152,20,334.17,249.9,105,14-10-2026,PharmaLink,,,,,
09-11-2025,Telmisartan,Heart,Cipla,B9381,18,335.88,237.98,214,23-08-2026,LifeMed Traders,,,,,
26-04-2024,Azithromycin 500,Antibiotic,Torrent,B9571,78,478.66,354.86,102,19-07-2025,MediSupply,,,,,
29-10-2024,Insulin,Diabetes,Lupin,B6416,27,108.4,78.89,352,01-09-2026,MediSupply,,,,,
18-11-2025,Paracetamol 500mg,Painkiller,Sun Pharma,B3443,74,54.69,47.34,342,04-10-2027,Health Distributors,,,,,
13-04-2024,Cough Syrup,Cold,Cipla,B5327,59,580.12,407.91,500,09-08-2025,Care Wholesale,,,,,
27-06-2024,Dolo 650,Painkiller,Cipla,B6123,47,601.86,394.37,410,17-11-2026,Care Wholesale,,,,,
16-02-2024,Azithromycin 500,Antibiotic,Cipla,B8171,22,14.36,12.28,168,15-08-2025,LifeMed Traders,,,,,
16-01-2025,Vitamin D3,Vitamin,Cipla,B5453,52,438.7,368.21,204,25-10-2026,Care Wholesale,,,,,
26-10-2025,Omeprazole,Gastric,Lupin,B3611,17,472.97,399.67,356,23-06-2026,Health Distributors,,,,,
09-05-2025,Telmisartan,Heart,Glenmark,B6875,24,521.85,362.6,312,28-11-2026,LifeMed Traders,,,,,
09-05-2025,Paracetamol 500mg,Painkiller,Mankind,B2037,53,479.73,414.82,225,22-12-2025,PharmaLink,,,,,
22-12-2025,Metformin 500,Diabetes,Sun Pharma,B4669,74,533.79,391.8,370,19-01-2028,PharmaLink,,,,,
05-12-2025,Cough Syrup,Cold,Abbott,B7305,32,364.55,317.66,246,23-05-2027,MediSupply,,,,,
25-02-2024,Ibuprofen,Painkiller,Glenmark,B9123,65,20.61,13.15,434,16-12-2025,MediSupply,,,,,
24-11-2024,Crocin,Painkiller,Zydus,B7203,7,181.44,114.47,259,06-01-2026,Care Wholesale,,,,,
15-04-2025,Vitamin C,Vitamin,Cipla,B8324,12,283.31,204.33,438,06-03-2027,PharmaLink,,,,,
31-10-2025,Azithromycin 500,Antibiotic,Zydus,B1002,5,20.63,15.85,285,12-11-2027,Health Distributors,,,,,
14-10-2025,Zinc Tablet,Supplement,Glenmark,B8474,27,193.15,142.63,335,28-02-2028,PharmaLink,,,,,
16-08-2024,Insulin,Diabetes,Sun Pharma,B6952,80,482.58,381.19,307,11-06-2026,Care Wholesale,,,,,
05-11-2025,Azithromycin 500,Antibiotic,Cipla,B7125,38,134.7,106.01,280,20-10-2027,Health Distributors,,,,,
19-05-2025,Dolo 650,Painkiller,Mankind,B4209,53,102.21,70.08,54,02-08-2026,MediSupply,,,,,
08-08-2024,Azithromycin 500,Antibiotic,Lupin,B1761,44,313.06,210.01,55,04-04-2026,LifeMed Traders,,,,,
13-04-2025,Azithromycin 500,Antibiotic,Zydus,B1071,18,471.91,299.04,493,04-03-2027,LifeMed Traders,,,,,
19-03-2025,Dolo 650,Painkiller,Abbott,B3845,66,508.09,378.76,399,15-03-2026,MediSupply,,,,,
04-11-2025,Azithromycin 500,Antibiotic,Lupin,B7859,65,421.47,273.44,451,31-05-2027,LifeMed Traders,,,,,
11-02-2025,Vitamin C,Vitamin,Torrent,B3263,58,687.85,433.91,412,24-12-2025,Care Wholesale,,,,,
02-11-2024,Zinc Tablet,Supplement,Abbott,B4560,41,522.96,380.64,364,18-11-2026,MediSupply,,,,,
24-10-2024,ORS Powder,Hydration,Glenmark,B3913,17,486.09,311.48,363,16-02-2027,LifeMed Traders,,,,,
28-12-2025,Ibuprofen,Painkiller,Alkem,B7839,62,75.3,59.01,298,31-01-2028,LifeMed Traders,,,,,
14-01-2024,Calcium Tablet,Supplement,Lupin,B1927,19,265.98,239.05,27,29-05-2026,MediSupply,,,,,
20-10-2024,Vitamin D3,Vitamin,Mankind,B4342,8,363.77,310.06,353,14-02-2026,LifeMed Traders,,,,,
08-04-2025,Dolo 650,Painkiller,Alkem,B7371,72,81.76,53.3,442,22-05-2026,MediSupply,,,,,
10-12-2025,Cough Syrup,Cold,Torrent,B6122,50,471.65,301.71,213,09-05-2028,LifeMed Traders,,,,,
14-09-2024,Dolo 650,Painkiller,Sun Pharma,B7025,57,150.01,97.76,424,29-10-2025,LifeMed Traders,,,,,
20-07-2024,Ibuprofen,Painkiller,Glenmark,B2220,38,555.43,351.06,229,16-07-2025,MediSupply,,,,,
02-05-2024,Cetirizine,Allergy,Abbott,B3636,72,229.63,174.72,135,11-03-2025,LifeMed Traders,,,,,
04-12-2024,Vitamin D3,Vitamin,Sun Pharma,B1833,6,335.9,214.12,78,28-04-2026,LifeMed Traders,,,,,
09-08-2025,Calcium Tablet,Supplement,Zydus,B4012,41,285.44,251.17,269,18-09-2026,LifeMed Traders,,,,,
12-06-2024,Crocin,Painkiller,Abbott,B4495,12,262.54,191.84,178,23-07-2025,PharmaLink,,,,,
27-10-2024,Metformin 500,Diabetes,Alkem,B1144,68,154.35,104.55,243,20-11-2026,Health Distributors,,,,,
03-09-2024,Insulin,Diabetes,Zydus,B6258,80,573.7,407.79,124,11-04-2025,Care Wholesale,,,,,
19-09-2024,Azithromycin 500,Antibiotic,Lupin,B9426,67,306.36,246.78,420,05-04-2026,LifeMed Traders,,,,,
14-02-2024,Pantoprazole,Gastric,Zydus,B2572,42,198.21,139.02,263,04-11-2024,MediSupply,,,,,
08-01-2024,Ibuprofen,Painkiller,Abbott,B7950,28,343.66,285.1,442,07-06-2026,Health Distributors,,,,,
20-12-2025,ORS Powder,Hydration,Abbott,B3519,56,582.92,396.36,331,30-08-2026,Health Distributors,,,,,
08-02-2024,Pantoprazole,Gastric,Alkem,B4729,33,52.61,46.68,285,17-10-2024,PharmaLink,,,,,
06-04-2025,Telmisartan,Heart,Lupin,B2938,3,377.26,286.56,199,23-08-2027,LifeMed Traders,,,,,
05-03-2024,Paracetamol 500mg,Painkiller,Glenmark,B2738,10,476.52,342.13,183,28-01-2026,PharmaLink,,,,,
29-03-2024,Calcium Tablet,Supplement,Glenmark,B1504,49,207.03,132.43,202,02-08-2026,Care Wholesale,,,,,
13-08-2024,Cetirizine,Allergy,Abbott,B3360,70,88.46,68.28,151,20-11-2026,PharmaLink,,,,,
20-07-2025,Insulin,Diabetes,Sun Pharma,B7456,6,462.01,394.65,2,25-08-2027,LifeMed Traders,,,,,
08-11-2024,Ibuprofen,Painkiller,Cipla,B9397,45,148.31,100.84,108,03-07-2026,MediSupply,,,,,
14-08-2024,Cetirizine,Allergy,Mankind,B1891,15,344.19,280.66,92,29-12-2026,LifeMed Traders,,,,,
15-03-2024,Pantoprazole,Gastric,Abbott,B8982,13,154.71,136.47,101,28-04-2026,PharmaLink,,,,,
18-11-2025,Insulin,Diabetes,Mankind,B6206,80,342.38,297.72,35,01-12-2026,Care Wholesale,,,,,
23-09-2025,Pantoprazole,Gastric,Alkem,B6971,20,433.24,299.46,289,23-10-2027,PharmaLink,,,,,
05-01-2024,Telmisartan,Heart,Mankind,B3200,56,218.61,146.44,141,06-07-2025,PharmaLink,,,,,
01-04-2025,Omeprazole,Gastric,Zydus,B2343,71,208.66,166.56,55,26-03-2026,PharmaLink,,,,,
20-07-2024,Amoxicillin 500,Antibiotic,Abbott,B1305,10,191.89,124.35,372,03-04-2025,LifeMed Traders,,,,,
15-08-2025,Paracetamol 500mg,Painkiller,Glenmark,B9904,5,260.97,187.07,282,04-11-2026,LifeMed Traders,,,,,
09-01-2025,Omeprazole,Gastric,Mankind,B3193,76,280.52,181.48,375,01-05-2026,Care Wholesale,,,,,
02-04-2024,Cough Syrup,Cold,Abbott,B3717,31,247.76,183.38,434,19-06-2026,LifeMed Traders,,,,,
12-06-2024,Amoxicillin 500,Antibiotic,Zydus,B6878,19,137.25,87.18,376,18-04-2026,Health Distributors,,,,,
25-08-2024,Vitamin C,Vitamin,Zydus,B9485,6,45.97,35.78,342,20-09-2025,PharmaLink,,,,,
10-04-2025,Amlodipine,Heart,Zydus,B9542,42,445.35,397.65,52,27-09-2027,PharmaLink,,,,,
11-07-2025,Vitamin D3,Vitamin,Glenmark,B2275,49,334.98,260.01,187,31-08-2027,LifeMed Traders,,,,,
16-08-2024,Vitamin D3,Vitamin,Lupin,B1108,45,301.55,236.24,249,20-06-2026,LifeMed Traders,,,,,
18-06-2024,Amoxicillin 500,Antibiotic,Zydus,B4062,36,148.84,109.66,108,17-05-2025,MediSupply,,,,,
01-05-2024,Insulin,Diabetes,Glenmark,B8889,43,392.47,300.21,368,21-02-2025,Care Wholesale,,,,,
27-08-2025,Omeprazole,Gastric,Dr. Reddy's,B3095,3,120.23,79.27,124,08-04-2026,LifeMed Traders,,,,,
17-05-2024,Diclofenac Gel,Painkiller,Mankind,B3725,74,320.5,286.26,75,09-01-2025,PharmaLink,,,,,
19-02-2025,Cetirizine,Allergy,Abbott,B5644,3,377.12,272.92,449,26-06-2027,Health Distributors,,,,,
13-09-2025,ORS Powder,Hydration,Zydus,B3338,22,685.25,446.81,112,06-05-2027,LifeMed Traders,,,,,
06-11-2025,Cetirizine,Allergy,Glenmark,B2127,44,276.76,233.78,472,12-08-2027,MediSupply,,,,,
15-05-2024,Amlodipine,Heart,Lupin,B3450,65,67.25,55.99,350,14-01-2026,LifeMed Traders,,,,,
02-05-2025,Azithromycin 500,Antibiotic,Mankind,B2526,69,569.08,406.51,257,26-02-2026,Care Wholesale,,,,,
06-07-2025,Amoxicillin 500,Antibiotic,Glenmark,B7068,56,578.76,373.76,267,08-03-2027,Health Distributors,,,,,
22-08-2024,Cough Syrup,Cold,Lupin,B2600,49,566.97,422.78,179,14-10-2026,Care Wholesale,,,,,
03-05-2025,Amoxicillin 500,Antibiotic,Torrent,B9908,11,538.84,346.51,145,04-07-2027,Care Wholesale,,,,,
06-01-2024,Vitamin D3,Vitamin,Dr. Reddy's,B9515,74,480.46,321.44,267,01-11-2024,Health Distributors,,,,,
05-12-2025,Amlodipine,Heart,Dr. Reddy's,B5155,14,474.14,363.49,79,13-08-2027,PharmaLink,,,,,
01-08-2025,Ibuprofen,Painkiller,Lupin,B7770,51,209.94,169.61,386,24-08-2026,LifeMed Traders,,,,,
02-07-2024,Ibuprofen,Painkiller,Zydus,B6641,33,236.41,171.63,157,12-08-2026,Care Wholesale,,,,,
23-08-2024,Amoxicillin 500,Antibiotic,Cipla,B9328,21,297.74,205.39,51,26-09-2025,Care Wholesale,,,,,
20-09-2025,Metformin 500,Diabetes,Abbott,B1086,21,459.42,316.1,199,30-12-2027,Health Distributors,,,,,
06-09-2025,Amoxicillin 500,Antibiotic,Zydus,B1618,29,226.91,200.44,189,25-05-2026,Care Wholesale,,,,,
02-11-2025,Amlodipine,Heart,Glenmark,B9099,77,346.89,238.28,29,27-10-2026,Care Wholesale,,,,,
03-11-2025,Paracetamol 500mg,Painkiller,Dr. Reddy's,B9364,25,570.0,419.4,17,05-01-2028,LifeMed Traders,,,,,
22-06-2024,Vitamin C,Vitamin,Glenmark,B2422,1,391.54,305.92,499,29-05-2025,PharmaLink,,,,,
16-11-2025,Amlodipine,Heart,Alkem,B2124,67,254.44,182.65,7,04-05-2028,Health Distributors,,,,,
26-07-2025,Ibuprofen,Painkiller,Torrent,B4187,36,525.46,412.43,115,04-10-2027,Care Wholesale,,,,,
05-01-2024,Amlodipine,Heart,Glenmark,B9243,14,160.87,123.41,286,15-09-2024,PharmaLink,,,,,
09-06-2025,Metformin 500,Diabetes,Cipla,B8254,74,662.7,430.87,128,16-11-2027,Care Wholesale,,,,,
06-09-2024,Diclofenac Gel,Painkiller,Zydus,B1448,59,541.84,342.8,348,19-06-2026,Care Wholesale,,,,,
10-03-2024,Azithromycin 500,Antibiotic,Torrent,B4767,29,264.71,177.14,346,25-08-2026,PharmaLink,,,,,
12-06-2025,Telmisartan,Heart,Alkem,B2523,34,355.0,244.76,127,29-09-2026,Care Wholesale,,,,,
21-07-2025,Metformin 500,Diabetes,Cipla,B5408,46,561.65,419.68,111,27-08-2027,MediSupply,,,,,
23-07-2024,ORS Powder,Hydration,Zydus,B4322,34,136.52,111.81,105,10-09-2025,MediSupply,,,,,
08-06-2024,Zinc Tablet,Supplement,Alkem,B9071,11,408.63,352.29,346,15-10-2026,LifeMed Traders,,,,,
13-02-2024,Paracetamol 500mg,Painkiller,Abbott,B5501,41,492.15,382.82,252,22-03-2026,Care Wholesale,,,,,
13-10-2024,Cetirizine,Allergy,Abbott,B7933,17,271.21,183.86,27,01-10-2026,Care Wholesale,,,,,
29-05-2025,Ibuprofen,Painkiller,Sun Pharma,B9490,23,247.13,161.5,234,28-03-2026,Care Wholesale,,,,,
13-01-2024,Metformin 500,Diabetes,Sun Pharma,B5254,13,394.59,305.95,166,16-07-2025,MediSupply,,,,,
30-08-2024,Ibuprofen,Painkiller,Torrent,B9171,44,200.69,127.08,187,02-09-2025,Care Wholesale,,,,,
18-12-2025,ORS Powder,Hydration,Lupin,B3947,52,436.67,340.47,143,20-09-2027,LifeMed Traders,,,,,
03-12-2025,Amoxicillin 500,Antibiotic,Glenmark,B8081,35,125.38,109.03,411,28-01-2027,Care Wholesale,,,,,
02-06-2024,ORS Powder,Hydration,Mankind,B9470,54,239.82,217.06,255,15-04-2025,LifeMed Traders,,,,,
03-11-2024,Metformin 500,Diabetes,Zydus,B3676,7,181.87,118.93,203,11-08-2025,Health Distributors,,,,,
02-05-2025,ORS Powder,Hydration,Torrent,B6903,43,434.95,378.83,133,02-11-2026,LifeMed Traders,,,,,
18-12-2024,Ibuprofen,Painkiller,Torrent,B9821,78,19.46,16.77,101,27-01-2027,MediSupply,,,,,
28-11-2024,Calcium Tablet,Supplement,Alkem,B7243,58,410.58,305.55,455,15-08-2025,LifeMed Traders,,,,,
08-10-2025,Calcium Tablet,Supplement,Zydus,B7631,44,660.92,430.81,215,12-01-2028,Health Distributors,,,,,
17-12-2024,Crocin,Painkiller,Mankind,B7479,38,137.01,108.87,363,15-03-2026,PharmaLink,,,,,
24-08-2025,Pantoprazole,Gastric,Alkem,B3048,22,315.72,238.25,94,15-03-2026,MediSupply,,,,,
03-08-2024,Vitamin D3,Vitamin,Cipla,B9985,9,94.16,81.77,479,29-05-2026,Health Distributors,,,,,
20-06-2025,Paracetamol 500mg,Painkiller,Lupin,B2381,34,395.15,346.13,316,25-05-2026,Care Wholesale,,,,,
10-09-2024,Calcium Tablet,Supplement,Dr. Reddy's,B3795,17,441.43,334.02,67,30-08-2026,Health Distributors,,,,,
29-11-2024,Dolo 650,Painkiller,Alkem,B9987,70,520.09,389.99,478,02-03-2026,Care Wholesale,,,,,
30-06-2024,Amoxicillin 500,Antibiotic,Abbott,B9745,73,357.5,269.15,222,16-06-2026,PharmaLink,,,,,
06-07-2025,Insulin,Diabetes,Zydus,B5256,40,124.08,108.39,187,28-02-2027,MediSupply,,,,,
01-01-2024,Calcium Tablet,Supplement,Sun Pharma,B8687,18,353.97,239.31,176,18-04-2025,LifeMed Traders,,,,,
03-05-2025,Paracetamol 500mg,Painkiller,Zydus,B1118,38,208.25,140.43,305,23-06-2026,LifeMed Traders,,,,,
25-02-2025,Insulin,Diabetes,Dr. Reddy's,B7385,32,524.68,397.92,83,16-06-2027,Care Wholesale,,,,,
22-03-2024,Vitamin C,Vitamin,Torrent,B5454,79,237.41,194.63,413,29-08-2026,PharmaLink,,,,,
26-02-2025,Ibuprofen,Painkiller,Torrent,B8460,18,103.33,91.1,148,16-12-2025,LifeMed Traders,,,,,
18-12-2025,Pantoprazole,Gastric,Torrent,B9764,3,338.18,283.26,77,05-08-2026,Health Distributors,,,,,
15-10-2024,Cetirizine,Allergy,Cipla,B3468,2,185.09,126.98,119,14-07-2025,Health Distributors,,,,,
16-12-2024,Omeprazole,Gastric,Dr. Reddy's,B1519,64,289.24,193.75,190,01-10-2026,PharmaLink,,,,,
27-02-2024,Crocin,Painkiller,Mankind,B4148,70,163.05,125.79,240,26-02-2025,PharmaLink,,,,,
04-05-2024,Amlodipine,Heart,Sun Pharma,B5049,50,639.44,438.77,394,27-01-2026,Health Distributors,,,,,
06-04-2024,ORS Powder,Hydration,Zydus,B6113,61,379.21,238.34,199,31-08-2026,PharmaLink,,,,,
16-07-2025,Cetirizine,Allergy,Sun Pharma,B1853,39,292.25,238.25,101,16-01-2027,MediSupply,,,,,
10-10-2025,Azithromycin 500,Antibiotic,Dr. Reddy's,B7484,36,221.4,199.9,299,08-08-2026,MediSupply,,,,,
18-08-2025,Paracetamol 500mg,Painkiller,Sun Pharma,B2466,77,473.92,354.3,79,01-03-2027,MediSupply,,,,,
03-04-2024,Cetirizine,Allergy,Zydus,B3521,8,394.97,311.19,30,29-09-2025,LifeMed Traders,,,,,
14-05-2025,Azithromycin 500,Antibiotic,Mankind,B4161,45,176.33,110.84,412,02-02-2027,Health Distributors,,,,,
17-05-2024,Amlodipine,Heart,Alkem,B9892,57,133.04,118.81,286,10-09-2025,Care Wholesale,,,,,
10-07-2024,ORS Powder,Hydration,Glenmark,B3627,60,313.29,248.28,140,11-09-2026,Health Distributors,,,,,
05-04-2025,Cough Syrup,Cold,Mankind,B9289,47,170.82,138.69,232,02-10-2025,Care Wholesale,,,,,
26-09-2025,Cetirizine,Allergy,Sun Pharma,B9830,31,575.44,386.72,164,28-05-2026,Care Wholesale,,,,,
30-11-2025,ORS Powder,Hydration,Abbott,B7714,79,313.56,227.92,144,24-04-2027,PharmaLink,,,,,
19-06-2025,Azithromycin 500,Antibiotic,Cipla,B4310,17,335.7,299.23,91,17-01-2026,Health Distributors,,,,,
11-04-2024,Omeprazole,Gastric,Dr. Reddy's,B9615,50,31.34,22.06,336,21-02-2026,LifeMed Traders,,,,,
20-02-2024,Diclofenac Gel,Painkiller,Torrent,B9051,10,238.41,169.93,6,19-03-2025,Health Distributors,,,,,
04-01-2025,Pantoprazole,Gastric,Sun Pharma,B1955,54,399.56,254.64,420,15-07-2026,LifeMed Traders,,,,,
11-02-2024,Vitamin D3,Vitamin,Abbott,B9511,10,504.57,332.56,483,18-03-2025,Health Distributors,,,,,
28-06-2025,Azithromycin 500,Antibiotic,Dr. Reddy's,B3931,32,213.37,178.32,291,26-09-2027,LifeMed Traders,,,,,
18-04-2024,Ibuprofen,Painkiller,Lupin,B7997,59,481.32,346.7,359,27-08-2026,Health Distributors,,,,,
17-07-2025,Cetirizine,Allergy,Mankind,B8258,21,235.34,185.49,273,19-09-2027,PharmaLink,,,,,
28-11-2024,Metformin 500,Diabetes,Abbott,B4943,56,498.21,381.43,422,23-04-2026,LifeMed Traders,,,,,
19-01-2025,Ibuprofen,Painkiller,Dr. Reddy's,B8331,33,541.51,346.44,184,24-10-2026,Care Wholesale,,,,,
18-10-2024,Paracetamol 500mg,Painkiller,Sun Pharma,B4635,39,368.68,271.33,3,17-02-2026,MediSupply,,,,,
07-12-2025,Metformin 500,Diabetes,Sun Pharma,B3534,66,579.33,371.47,284,10-01-2028,Health Distributors,,,,,
30-12-2024,Dolo 650,Painkiller,Zydus,B5198,75,94.9,77.0,127,21-02-2026,PharmaLink,,,,,
13-02-2025,Crocin,Painkiller,Glenmark,B8905,10,313.7,259.53,370,10-07-2026,MediSupply,,,,,
07-04-2024,Omeprazole,Gastric,Glenmark,B1916,74,338.92,271.09,195,23-12-2024,PharmaLink,,,,,
02-03-2025,Insulin,Diabetes,Lupin,B1187,30,486.35,419.17,382,28-06-2027,Care Wholesale,,,,,
20-06-2025,Dolo 650,Painkiller,Torrent,B4617,20,35.89,26.2,167,15-05-2027,MediSupply,,,,,
01-04-2025,Dolo 650,Painkiller,Lupin,B5747,12,472.85,340.76,113,14-12-2026,Care Wholesale,,,,,
10-12-2024,Amoxicillin 500,Antibiotic,Mankind,B5301,7,61.64,44.48,280,21-07-2026,Health Distributors,,,,,
20-03-2025,Amlodipine,Heart,Abbott,B4245,18,407.85,350.03,246,11-04-2027,Care Wholesale,,,,,
19-07-2024,Amlodipine,Heart,Glenmark,B2173,68,409.29,256.04,126,20-09-2025,PharmaLink,,,,,
02-12-2025,Telmisartan,Heart,Alkem,B6706,53,476.77,416.47,216,09-06-2027,MediSupply,,,,,
31-08-2025,Metformin 500,Diabetes,Alkem,B8245,22,442.02,297.69,179,20-11-2027,LifeMed Traders,,,,,
15-02-2024,Amoxicillin 500,Antibiotic,Zydus,B2841,48,506.77,416.5,79,08-11-2024,Health Distributors,,,,,
31-05-2024,Vitamin C,Vitamin,Glenmark,B2823,2,591.93,391.99,175,07-11-2026,PharmaLink,,,,,
24-01-2024,Pantoprazole,Gastric,Zydus,B9573,28,227.4,154.69,104,01-02-2026,PharmaLink,,,,,
29-09-2025,Ibuprofen,Painkiller,Zydus,B9631,3,387.06,330.63,192,14-11-2027,Health Distributors,,,,,
02-03-2024,Vitamin D3,Vitamin,Mankind,B8617,80,199.57,133.53,138,22-10-2024,Health Distributors,,,,,
07-11-2025,Crocin,Painkiller,Lupin,B1312,47,195.21,127.92,442,24-08-2026,PharmaLink,,,,,
24-01-2025,Amlodipine,Heart,Dr. Reddy's,B9709,41,338.64,232.77,248,26-03-2027,Health Distributors,,,,,
27-05-2025,Cetirizine,Allergy,Dr. Reddy's,B9673,3,600.89,435.32,20,03-08-2026,PharmaLink,,,,,
06-02-2025,Metformin 500,Diabetes,Zydus,B5953,46,373.82,337.02,181,07-05-2027,MediSupply,,,,,
04-03-2024,Cough Syrup,Cold,Torrent,B5590,4,438.1,284.6,483,22-03-2026,MediSupply,,,,,
06-02-2025,Amoxicillin 500,Antibiotic,Alkem,B4726,49,341.29,298.36,266,30-06-2027,Care Wholesale,,,,,
05-06-2024,Vitamin C,Vitamin,Glenmark,B9883,78,246.84,196.5,168,06-03-2026,MediSupply,,,,,
17-08-2025,ORS Powder,Hydration,Mankind,B9582,18,370.93,247.28,158,19-01-2028,MediSupply,,,,,
02-11-2025,Telmisartan,Heart,Mankind,B9732,41,655.22,420.4,34,22-11-2027,Health Distributors,,,,,
29-05-2024,Cetirizine,Allergy,Alkem,B5970,53,488.36,329.37,492,20-01-2026,Care Wholesale,,,,,
11-07-2024,Vitamin D3,Vitamin,Mankind,B4783,79,65.81,55.19,315,07-10-2025,LifeMed Traders,,,,,
04-12-2025,Vitamin C,Vitamin,Dr. Reddy's,B8680,62,22.26,19.53,68,29-10-2027,PharmaLink,,,,,
18-05-2025,Cetirizine,Allergy,Lupin,B1245,29,256.99,217.44,16,06-01-2027,PharmaLink,,,,,
18-11-2025,Telmisartan,Heart,Dr. Reddy's,B9027,9,657.81,444.8,90,09-08-2027,PharmaLink,,,,,
13-03-2025,Pantoprazole,Gastric,Dr. Reddy's,B7457,49,209.55,186.95,368,26-07-2026,LifeMed Traders,,,,,
03-07-2025,Diclofenac Gel,Painkiller,Glenmark,B8399,5,369.32,240.15,266,20-04-2026,Care Wholesale,,,,,
15-06-2025,Dolo 650,Painkiller,Dr. Reddy's,B9456,6,391.2,245.74,285,12-01-2027,Health Distributors,,,,,
26-03-2025,ORS Powder,Hydration,Torrent,B7921,37,230.33,183.93,236,11-03-2026,PharmaLink,,,,,
07-12-2025,Zinc Tablet,Supplement,Sun Pharma,B2854,58,276.97,236.5,46,30-10-2027,MediSupply,,,,,
18-05-2024,Diclofenac Gel,Painkiller,Abbott,B4308,4,229.31,181.74,91,21-02-2026,Care Wholesale,,,,,
27-11-2024,Crocin,Painkiller,Torrent,B2494,21,487.42,313.74,367,29-09-2025,Health Distributors,,,,,
28-03-2024,Pantoprazole,Gastric,Alkem,B7204,66,309.48,239.53,313,06-03-2025,LifeMed Traders,,,,,
23-06-2024,Amlodipine,Heart,Sun Pharma,B3930,20,568.61,411.22,83,17-05-2025,Health Distributors,,,,,
12-11-2024,Telmisartan,Heart,Torrent,B2926,37,522.71,330.73,320,12-11-2025,MediSupply,,,,,
29-09-2025,ORS Powder,Hydration,Sun Pharma,B9904,64,383.04,346.3,437,20-08-2027,Health Distributors,,,,,
31-08-2024,Zinc Tablet,Supplement,Zydus,B2300,59,148.49,103.86,209,25-05-2026,LifeMed Traders,,,,,
07-09-2024,Zinc Tablet,Supplement,Sun Pharma,B1801,72,493.05,397.92,419,04-10-2025,MediSupply,,,,,
30-10-2025,Amoxicillin 500,Antibiotic,Sun Pharma,B5889,5,190.29,162.27,341,10-12-2027,PharmaLink,,,,,
21-04-2024,Crocin,Painkiller,Sun Pharma,B3906,37,228.66,192.29,312,25-08-2026,Care Wholesale,,,,,
06-02-2024,Diclofenac Gel,Painkiller,Alkem,B2108,48,61.43,49.16,459,27-08-2025,Care Wholesale,,,,,
26-10-2024,Ibuprofen,Painkiller,Cipla,B7779,36,250.89,216.1,168,15-10-2026,LifeMed Traders,,,,,
18-09-2025,ORS Powder,Hydration,Dr. Reddy's,B5705,68,46.73,33.72,44,25-07-2027,Care Wholesale,,,,,
22-09-2024,Zinc Tablet,Supplement,Alkem,B9132,46,383.75,240.22,474,31-07-2025,LifeMed Traders,,,,,
03-07-2024,Omeprazole,Gastric,Zydus,B2936,38,484.82,398.58,99,31-12-2024,Health Distributors,,,,,
31-07-2024,Pantoprazole,Gastric,Cipla,B6728,53,578.07,361.41,23,03-01-2026,LifeMed Traders,,,,,
17-10-2025,ORS Powder,Hydration,Sun Pharma,B9301,9,120.26,96.92,157,16-02-2027,LifeMed Traders,,,,,
26-04-2024,Metformin 500,Diabetes,Sun Pharma,B3877,73,395.36,311.14,315,21-11-2024,MediSupply,,,,,
19-11-2025,Metformin 500,Diabetes,Alkem,B8888,5,293.89,219.77,330,04-10-2026,MediSupply,,,,,
09-12-2024,Pantoprazole,Gastric,Abbott,B5904,8,320.12,212.41,427,22-11-2026,LifeMed Traders,,,,,
02-07-2025,Metformin 500,Diabetes,Abbott,B2084,43,22.59,16.27,409,26-12-2026,MediSupply,,,,,
13-12-2024,Vitamin D3,Vitamin,Sun Pharma,B7382,22,625.73,442.76,292,21-02-2027,MediSupply,,,,,
11-11-2024,Zinc Tablet,Supplement,Cipla,B2422,5,401.98,319.73,139,07-07-2026,Care Wholesale,,,,,
07-04-2025,Vitamin C,Vitamin,Alkem,B2838,68,468.77,374.62,154,01-04-2026,PharmaLink,,,,,
04-04-2024,Dolo 650,Painkiller,Dr. Reddy's,B3524,62,227.11,204.15,463,25-02-2026,MediSupply,,,,,
20-06-2025,Metformin 500,Diabetes,Zydus,B3174,13,183.46,145.18,420,29-05-2027,MediSupply,,,,,
31-01-2025,Dolo 650,Painkiller,Zydus,B2426,1,440.27,323.45,159,13-09-2025,PharmaLink,,,,,
15-04-2024,Pantoprazole,Gastric,Sun Pharma,B6114,40,340.36,238.1,11,26-05-2026,MediSupply,,,,,
16-07-2024,Metformin 500,Diabetes,Dr. Reddy's,B5467,57,183.96,134.66,343,12-05-2025,MediSupply,,,,,
27-04-2024,Cetirizine,Allergy,Torrent,B9888,66,20.81,14.74,52,23-05-2025,PharmaLink,,,,,
04-10-2024,Ibuprofen,Painkiller,Alkem,B3806,37,102.48,70.57,293,08-12-2025,Health Distributors,,,,,
12-12-2024,Calcium Tablet,Supplement,Glenmark,B1826,4,277.9,246.94,241,02-05-2027,Health Distributors,,,,,
29-03-2024,Amlodipine,Heart,Sun Pharma,B8304,77,233.74,196.5,456,24-05-2026,LifeMed Traders,,,,,
06-12-2024,Insulin,Diabetes,Torrent,B3159,69,537.88,369.31,40,23-09-2026,Health Distributors,,,,,
11-04-2025,Pantoprazole,Gastric,Cipla,B4666,60,206.49,145.19,240,02-06-2026,MediSupply,,,,,
07-01-2025,Zinc Tablet,Supplement,Torrent,B8426,43,262.85,181.3,403,03-06-2026,Care Wholesale,,,,,
01-05-2025,Paracetamol 500mg,Painkiller,Cipla,B3087,22,77.55,57.9,144,19-10-2026,LifeMed Traders,,,,,
19-04-2024,Azithromycin 500,Antibiotic,Lupin,B7566,39,216.6,152.03,272,31-01-2026,LifeMed Traders,,,,,
27-09-2025,Telmisartan,Heart,Dr. Reddy's,B6582,62,136.48,115.71,196,01-06-2026,MediSupply,,,,,
21-03-2025,Diclofenac Gel,Painkiller,Lupin,B2276,31,328.85,258.71,88,27-07-2027,LifeMed Traders,,,,,
29-08-2025,Omeprazole,Gastric,Cipla,B3886,13,342.78,271.47,420,26-05-2027,PharmaLink,,,,,
04-09-2025,Amlodipine,Heart,Cipla,B2007,49,84.5,56.07,167,22-07-2027,Health Distributors,,,,,
17-08-2025,ORS Powder,Hydration,Mankind,B3444,1,577.49,407.24,387,13-07-2026,Care Wholesale,,,,,
03-02-2025,Ibuprofen,Painkiller,Torrent,B5910,27,370.71,280.08,348,22-06-2026,LifeMed Traders,,,,,
18-12-2024,Calcium Tablet,Supplement,Lupin,B3089,79,620.14,445.71,261,03-08-2026,PharmaLink,,,,,
16-07-2025,Dolo 650,Painkiller,Alkem,B2797,72,479.57,435.81,420,14-01-2027,PharmaLink,,,,,
18-03-2025,Paracetamol 500mg,Painkiller,Dr. Reddy's,B7652,41,412.98,318.38,364,10-10-2026,Care Wholesale,,,,,
04-08-2024,Telmisartan,Heart,Abbott,B6902,25,402.33,300.82,284,28-02-2026,Care Wholesale,,,,,
17-11-2025,Amoxicillin 500,Antibiotic,Torrent,B8155,3,70.21,63.49,73,26-09-2027,MediSupply,,,,,
19-10-2025,Crocin,Painkiller,Mankind,B3945,78,557.3,364.23,476,26-06-2027,Care Wholesale,,,,,
19-07-2025,Cough Syrup,Cold,Lupin,B1121,29,478.78,370.47,95,25-03-2027,LifeMed Traders,,,,,
30-12-2025,Omeprazole,Gastric,Dr. Reddy's,B1548,70,299.93,229.76,295,08-07-2027,Health Distributors,,,,,
22-12-2025,Diclofenac Gel,Painkiller,Zydus,B5578,11,237.59,170.91,72,11-12-2027,Care Wholesale,,,,,
19-06-2025,Cough Syrup,Cold,Cipla,B2279,61,459.22,401.34,322,26-10-2027,LifeMed Traders,,,,,
19-09-2025,Diclofenac Gel,Painkiller,Torrent,B9399,2,39.84,31.33,240,25-06-2027,Care Wholesale,,,,,
07-03-2025,Diclofenac Gel,Painkiller,Alkem,B1578,38,260.56,163.99,148,21-02-2026,LifeMed Traders,,,,,
23-09-2024,Calcium Tablet,Supplement,Glenmark,B5780,22,46.98,35.15,293,13-05-2025,LifeMed Traders,,,,,
11-05-2025,Paracetamol 500mg,Painkiller,Torrent,B5603,36,60.16,44.47,129,22-03-2026,PharmaLink,,,,,
24-04-2024,Vitamin D3,Vitamin,Sun Pharma,B7058,20,427.47,274.89,337,21-01-2026,MediSupply,,,,,
11-05-2025,Vitamin D3,Vitamin,Dr. Reddy's,B3376,5,119.9,87.92,175,01-02-2026,LifeMed Traders,,,,,
26-02-2025,Amoxicillin 500,Antibiotic,Zydus,B3740,57,424.81,348.5,371,08-06-2027,MediSupply,,,,,
25-02-2024,Diclofenac Gel,Painkiller,Alkem,B8602,15,431.32,291.88,26,10-02-2025,Care Wholesale,,,,,
02-05-2025,Omeprazole,Gastric,Torrent,B7390,69,498.67,337.8,119,21-11-2026,Care Wholesale,,,,,
27-06-2025,Vitamin D3,Vitamin,Mankind,B6172,58,434.26,392.66,195,18-11-2027,LifeMed Traders,,,,,
28-06-2025,Dolo 650,Painkiller,Cipla,B5466,56,457.24,289.74,312,23-10-2027,PharmaLink,,,,,
10-04-2024,Vitamin D3,Vitamin,Torrent,B4961,60,168.25,120.86,395,29-08-2026,LifeMed Traders,,,,,
11-12-2024,ORS Powder,Hydration,Abbott,B1138,41,491.04,307.55,280,19-06-2025,Health Distributors,,,,,
10-04-2024,Paracetamol 500mg,Painkiller,Lupin,B5127,45,346.51,240.17,112,24-07-2025,MediSupply,,,,,
26-09-2025,Dolo 650,Painkiller,Sun Pharma,B2995,28,76.33,48.64,486,28-11-2027,Health Distributors,,,,,
13-05-2024,Crocin,Painkiller,Glenmark,B2816,73,258.11,174.17,411,17-05-2025,MediSupply,,,,,
23-04-2025,Vitamin D3,Vitamin,Torrent,B7995,59,341.28,299.93,472,30-07-2026,PharmaLink,,,,,
16-03-2024,Vitamin D3,Vitamin,Mankind,B5230,50,147.69,130.56,170,12-11-2024,PharmaLink,,,,,
12-03-2024,Cetirizine,Allergy,Zydus,B9061,79,352.5,225.34,201,09-03-2025,Health Distributors,,,,,
17-03-2025,Amoxicillin 500,Antibiotic,Abbott,B2692,57,148.61,104.53,366,05-06-2026,Health Distributors,,,,,
08-08-2025,Crocin,Painkiller,Cipla,B3438,3,490.6,329.57,459,28-06-2027,Health Distributors,,,,,
29-09-2024,Dolo 650,Painkiller,Lupin,B9444,51,94.88,75.01,294,31-03-2025,Care Wholesale,,,,,
17-02-2025,Omeprazole,Gastric,Lupin,B1054,9,567.97,381.07,276,04-04-2026,Care Wholesale,,,,,
03-08-2025,Omeprazole,Gastric,Cipla,B7563,43,390.33,244.6,349,06-12-2026,Health Distributors,,,,,
01-07-2025,Crocin,Painkiller,Alkem,B4327,59,489.19,385.18,389,20-10-2026,MediSupply,,,,,
28-01-2025,Ibuprofen,Painkiller,Sun Pharma,B6886,50,374.88,300.04,458,13-11-2025,Care Wholesale,,,,,
13-07-2024,Crocin,Painkiller,Zydus,B7369,76,83.58,69.85,122,24-05-2026,Health Distributors,,,,,
26-05-2025,Ibuprofen,Painkiller,Torrent,B1606,58,370.18,244.0,494,08-12-2025,PharmaLink,,,,,
13-02-2024,Dolo 650,Painkiller,Alkem,B9791,67,225.77,187.23,234,06-07-2026,MediSupply,,,,,
14-03-2024,Diclofenac Gel,Painkiller,Dr. Reddy's,B1750,3,28.45,24.3,241,05-06-2026,MediSupply,,,,,
25-06-2024,Amoxicillin 500,Antibiotic,Sun Pharma,B3796,13,446.51,287.64,233,08-09-2026,LifeMed Traders,,,,,
26-04-2024,Crocin,Painkiller,Cipla,B7983,29,341.52,227.74,32,18-05-2025,PharmaLink,,,,,
03-05-2024,Amlodipine,Heart,Alkem,B1746,18,609.78,439.33,164,05-06-2025,LifeMed Traders,,,,,
05-03-2024,Cetirizine,Allergy,Alkem,B7060,54,71.84,61.37,86,15-08-2026,LifeMed Traders,,,,,
06-09-2024,Cetirizine,Allergy,Zydus,B7162,13,467.35,417.15,405,12-12-2026,MediSupply,,,,,
23-03-2024,Paracetamol 500mg,Painkiller,Zydus,B5648,12,12.86,10.81,361,18-07-2026,Care Wholesale,,,,,
30-07-2024,Omeprazole,Gastric,Mankind,B3859,58,88.02,71.24,210,27-09-2025,LifeMed Traders,,,,,
03-07-2024,Dolo 650,Painkiller,Glenmark,B6699,12,456.96,325.0,321,03-11-2025,Care Wholesale,,,,,
29-08-2024,Paracetamol 500mg,Painkiller,Abbott,B9842,13,147.89,92.82,316,02-03-2026,LifeMed Traders,,,,,
03-10-2025,Vitamin C,Vitamin,Zydus,B8772,25,370.75,299.42,57,31-08-2026,Care Wholesale,,,,,
17-11-2025,Cetirizine,Allergy,Mankind,B8121,47,468.63,415.82,145,16-12-2026,PharmaLink,,,,,
09-04-2025,Metformin 500,Diabetes,Glenmark,B1476,69,39.92,27.15,90,16-03-2026,Care Wholesale,,,,,
13-03-2024,Cough Syrup,Cold,Cipla,B7865,76,589.57,403.62,296,08-08-2025,MediSupply,,,,,
22-04-2024,Metformin 500,Diabetes,Dr. Reddy's,B7152,53,174.83,152.15,445,11-05-2025,MediSupply,,,,,
22-08-2025,Crocin,Painkiller,Zydus,B8454,19,343.21,222.11,110,04-11-2027,MediSupply,,,,,
19-05-2024,Amlodipine,Heart,Alkem,B4313,46,251.77,210.32,499,18-08-2025,PharmaLink,,,,,
09-12-2025,Amoxicillin 500,Antibiotic,Sun Pharma,B8513,15,321.67,259.35,436,26-09-2027,Care Wholesale,,,,,
13-08-2024,Cetirizine,Allergy,Alkem,B4763,79,560.43,399.79,463,02-08-2025,Health Distributors,,,,,
15-05-2025,Telmisartan,Heart,Abbott,B5573,61,470.11,389.09,428,27-02-2027,Health Distributors,,,,,
10-09-2024,Telmisartan,Heart,Dr. Reddy's,B1083,76,212.16,152.66,484,08-08-2025,Care Wholesale,,,,,
26-04-2025,Dolo 650,Painkiller,Sun Pharma,B8852,55,449.17,332.2,271,30-11-2026,Health Distributors,,,,,
03-09-2024,Pantoprazole,Gastric,Zydus,B3174,53,66.05,44.73,486,11-10-2025,PharmaLink,,,,,
25-10-2025,Calcium Tablet,Supplement,Dr. Reddy's,B8524,40,498.07,449.54,82,12-04-2028,LifeMed Traders,,,,,
10-04-2025,Diclofenac Gel,Painkiller,Sun Pharma,B8607,52,249.04,212.98,94,21-10-2026,Health Distributors,,,,,
08-12-2025,Crocin,Painkiller,Lupin,B9887,55,173.19,155.14,385,09-03-2027,LifeMed Traders,,,,,
27-09-2025,ORS Powder,Hydration,Cipla,B6963,8,583.23,397.33,263,14-02-2028,Health Distributors,,,,,
09-01-2025,Azithromycin 500,Antibiotic,Lupin,B2097,47,239.43,213.69,89,02-05-2027,LifeMed Traders,,,,,
08-12-2024,ORS Powder,Hydration,Mankind,B4437,62,131.27,113.48,377,21-01-2027,MediSupply,,,,,
30-09-2024,Metformin 500,Diabetes,Alkem,B6656,7,302.4,230.58,32,14-04-2026,Care Wholesale,,,,,
23-06-2025,Omeprazole,Gastric,Abbott,B5788,69,500.22,374.67,347,18-06-2027,Care Wholesale,,,,,
20-11-2025,Zinc Tablet,Supplement,Alkem,B2430,9,640.65,425.85,96,30-08-2027,Health Distributors,,,,,
22-10-2024,Amlodipine,Heart,Mankind,B3424,22,491.31,431.55,141,12-08-2025,Care Wholesale,,,,,
17-06-2025,Amoxicillin 500,Antibiotic,Dr. Reddy's,B9870,54,476.58,428.83,496,12-11-2027,MediSupply,,,,,
06-03-2025,Omeprazole,Gastric,Alkem,B1361,38,290.43,204.19,96,05-11-2025,MediSupply,,,,,
25-02-2025,Cough Syrup,Cold,Alkem,B9686,42,376.66,263.79,248,23-04-2027,LifeMed Traders,,,,,
07-11-2024,Pantoprazole,Gastric,Zydus,B4715,40,400.81,258.73,87,27-01-2026,Care Wholesale,,,,,
18-02-2024,Insulin,Diabetes,Torrent,B9770,22,91.39,73.57,316,27-01-2025,PharmaLink,,,,,
26-12-2025,Cetirizine,Allergy,Mankind,B2915,20,450.36,314.24,82,22-02-2027,Health Distributors,,,,,
09-05-2024,Metformin 500,Diabetes,Glenmark,B6192,27,260.65,202.87,287,10-12-2024,PharmaLink,,,,,
04-04-2025,Amoxicillin 500,Antibiotic,Alkem,B7628,39,291.33,246.62,62,26-10-2025,Care Wholesale,,,,,
23-11-2024,Amoxicillin 500,Antibiotic,Zydus,B6427,70,122.02,76.98,499,23-10-2026,PharmaLink,,,,,
10-08-2025,Omeprazole,Gastric,Torrent,B2840,57,454.08,302.76,173,12-01-2028,Care Wholesale,,,,,
25-11-2025,Dolo 650,Painkiller,Mankind,B8306,52,315.42,251.52,316,04-01-2027,PharmaLink,,,,,
26-02-2024,Crocin,Painkiller,Alkem,B4206,68,331.49,276.8,113,04-06-2025,Health Distributors,,,,,
01-04-2025,Crocin,Painkiller,Abbott,B9035,66,485.11,307.26,201,15-04-2026,PharmaLink,,,,,
07-06-2025,Zinc Tablet,Supplement,Glenmark,B8006,47,660.51,424.98,203,04-05-2026,PharmaLink,,,,,
13-01-2024,Amlodipine,Heart,Alkem,B2435,58,170.71,133.82,447,05-02-2026,MediSupply,,,,,
29-03-2025,Pantoprazole,Gastric,Lupin,B3286,55,203.75,135.58,373,23-11-2026,LifeMed Traders,,,,,
27-05-2024,Zinc Tablet,Supplement,Cipla,B7156,68,133.52,99.84,171,29-01-2025,Health Distributors,,,,,
16-10-2025,Paracetamol 500mg,Painkiller,Lupin,B3243,72,538.81,412.17,236,16-11-2027,MediSupply,,,,,
23-10-2024,Cetirizine,Allergy,Lupin,B5979,39,283.43,252.81,427,11-12-2026,Care Wholesale,,,,,
17-08-2024,Ibuprofen,Painkiller,Zydus,B8742,34,21.87,19.86,153,30-11-2026,Health Distributors,,,,,
02-07-2024,Calcium Tablet,Supplement,Lupin,B5541,32,325.47,225.41,14,30-04-2025,Care Wholesale,,,,,
05-01-2025,Crocin,Painkiller,Glenmark,B8799,34,366.2,264.83,321,06-06-2027,Health Distributors,,,,,
12-08-2025,Insulin,Diabetes,Abbott,B6237,75,19.37,15.75,29,07-07-2026,Care Wholesale,,,,,
16-06-2024,Amoxicillin 500,Antibiotic,Alkem,B5778,46,40.18,31.38,24,05-10-2025,LifeMed Traders,,,,,
17-07-2024,Crocin,Painkiller,Abbott,B9908,13,413.22,346.77,306,03-07-2025,PharmaLink,,,,,
04-10-2024,Metformin 500,Diabetes,Torrent,B6761,13,449.09,310.97,273,16-11-2026,MediSupply,,,,,
14-06-2025,Paracetamol 500mg,Painkiller,Mankind,B2678,53,197.18,132.39,174,26-05-2026,MediSupply,,,,,
14-08-2024,Amoxicillin 500,Antibiotic,Abbott,B9612,72,562.42,375.56,314,17-01-2027,LifeMed Traders,,,,,
03-03-2025,Ibuprofen,Painkiller,Cipla,B8856,17,240.77,211.54,472,16-09-2025,PharmaLink,,,,,
22-05-2024,Calcium Tablet,Supplement,Alkem,B3821,77,570.26,369.13,267,03-11-2025,PharmaLink,,,,,
15-08-2024,Paracetamol 500mg,Painkiller,Cipla,B4438,30,93.9,64.89,157,19-06-2025,MediSupply,,,,,
08-12-2025,Crocin,Painkiller,Lupin,B8065,3,399.07,345.26,396,14-10-2027,Health Distributors,,,,,
03-02-2024,ORS Powder,Hydration,Cipla,B5145,8,486.43,358.53,240,30-11-2024,Health Distributors,,,,,
14-11-2025,Crocin,Painkiller,Torrent,B4365,16,14.4,12.54,471,19-01-2028,LifeMed Traders,,,,,
17-11-2025,ORS Powder,Hydration,Mankind,B6698,36,187.13,163.38,485,30-12-2027,PharmaLink,,,,,
19-09-2025,Cetirizine,Allergy,Abbott,B1229,13,159.14,114.89,419,31-10-2027,LifeMed Traders,,,,,
15-10-2024,ORS Powder,Hydration,Dr. Reddy's,B4506,1,123.95,83.92,498,23-07-2025,LifeMed Traders,,,,,
15-12-2025,Omeprazole,Gastric,Alkem,B7219,14,354.39,268.51,92,11-06-2027,Care Wholesale,,,,,
21-08-2024,ORS Powder,Hydration,Abbott,B2807,41,278.59,188.15,63,09-06-2026,LifeMed Traders,,,,,
04-01-2025,Amoxicillin 500,Antibiotic,Zydus,B9088,6,440.44,319.49,42,03-06-2026,Health Distributors,,,,,
12-04-2025,Amlodipine,Heart,Torrent,B7672,57,343.35,273.37,115,29-04-2027,PharmaLink,,,,,
12-03-2024,Telmisartan,Heart,Dr. Reddy's,B9055,48,605.71,403.48,91,21-09-2024,Health Distributors,,,,,
19-06-2025,Amlodipine,Heart,Zydus,B2666,19,341.7,299.08,202,30-01-2027,MediSupply,,,,,
22-07-2024,Crocin,Painkiller,Alkem,B7958,52,220.35,157.68,62,13-09-2025,Care Wholesale,,,,,
30-08-2025,Vitamin D3,Vitamin,Glenmark,B7626,52,192.3,128.65,182,28-06-2027,Care Wholesale,,,,,
30-05-2024,Cough Syrup,Cold,Torrent,B4781,33,400.98,347.46,250,19-04-2026,MediSupply,,,,,
24-02-2024,Paracetamol 500mg,Painkiller,Cipla,B7269,4,505.9,375.0,497,21-02-2025,LifeMed Traders,,,,,
06-11-2024,Metformin 500,Diabetes,Mankind,B9064,10,324.83,282.91,338,19-10-2026,Care Wholesale,,,,,
08-11-2025,ORS Powder,Hydration,Torrent,B9955,70,308.44,228.07,175,11-11-2027,Health Distributors,,,,,
01-05-2024,Dolo 650,Painkiller,Lupin,B1589,49,223.24,177.56,226,10-02-2026,Health Distributors,,,,,
06-11-2025,Cetirizine,Allergy,Abbott,B3203,22,485.94,388.28,251,20-07-2027,PharmaLink,,,,,
22-04-2024,Amlodipine,Heart,Zydus,B8697,71,349.01,259.43,350,24-04-2026,Care Wholesale,,,,,
02-06-2025,Ibuprofen,Painkiller,Mankind,B6779,76,40.2,32.64,497,20-12-2026,PharmaLink,,,,,
29-01-2024,Metformin 500,Diabetes,Sun Pharma,B1440,47,313.12,268.98,178,16-03-2026,PharmaLink,,,,,
14-03-2025,Amlodipine,Heart,Cipla,B5001,45,205.29,160.55,28,19-07-2027,MediSupply,,,,,
29-08-2025,Vitamin C,Vitamin,Torrent,B3781,40,65.76,45.54,58,05-02-2027,Health Distributors,,,,,
08-02-2024,Ibuprofen,Painkiller,Alkem,B5368,73,324.29,211.72,263,11-10-2025,Health Distributors,,,,,
23-01-2024,Omeprazole,Gastric,Glenmark,B2601,50,571.88,443.71,165,27-02-2026,Care Wholesale,,,,,
10-12-2024,Azithromycin 500,Antibiotic,Dr. Reddy's,B5907,44,342.64,227.56,85,27-02-2027,PharmaLink,,,,,
23-05-2025,Telmisartan,Heart,Dr. Reddy's,B4507,10,458.45,288.87,430,21-05-2027,PharmaLink,,,,,
31-10-2024,Vitamin D3,Vitamin,Sun Pharma,B2552,29,583.28,448.33,319,01-08-2025,LifeMed Traders,,,,,
09-03-2024,Metformin 500,Diabetes,Torrent,B2256,55,352.8,258.36,107,26-08-2025,PharmaLink,,,,,
19-03-2025,Cough Syrup,Cold,Torrent,B9443,54,378.57,301.25,205,30-05-2026,Care Wholesale,,,,,
20-01-2024,Ibuprofen,Painkiller,Mankind,B4489,24,387.75,285.51,295,11-12-2025,Care Wholesale,,,,,
21-09-2025,Vitamin D3,Vitamin,Abbott,B1981,73,597.96,384.93,372,21-12-2027,LifeMed Traders,,,,,
18-04-2025,ORS Powder,Hydration,Alkem,B7721,39,86.14,73.3,432,03-01-2027,PharmaLink,,,,,
26-02-2025,Crocin,Painkiller,Dr. Reddy's,B4868,21,156.67,125.99,131,29-07-2027,Care Wholesale,,,,,
02-06-2024,Vitamin C,Vitamin,Cipla,B8145,40,113.51,92.83,237,10-04-2026,Care Wholesale,,,,,
12-06-2024,Dolo 650,Painkiller,Dr. Reddy's,B3883,36,143.27,128.54,337,25-06-2026,Health Distributors,,,,,
26-02-2024,Omeprazole,Gastric,Sun Pharma,B7668,78,443.01,387.94,152,28-10-2024,PharmaLink,,,,,
23-05-2024,Crocin,Painkiller,Lupin,B9551,65,155.63,112.33,477,22-03-2025,LifeMed Traders,,,,,
23-05-2025,Cough Syrup,Cold,Torrent,B6395,16,486.37,398.98,395,05-10-2026,LifeMed Traders,,,,,
09-03-2025,Amlodipine,Heart,Dr. Reddy's,B8200,28,120.37,104.36,496,13-06-2026,Care Wholesale,,,,,
27-02-2024,Vitamin D3,Vitamin,Glenmark,B7943,15,289.32,224.74,162,06-03-2026,Care Wholesale,,,,,
28-05-2024,Vitamin C,Vitamin,Torrent,B1570,40,245.57,168.45,10,15-09-2026,Health Distributors,,,,,
19-07-2025,Vitamin C,Vitamin,Torrent,B2999,47,252.71,178.03,462,17-12-2027,LifeMed Traders,,,,,
01-02-2025,Vitamin C,Vitamin,Zydus,B4857,33,18.14,11.48,154,31-10-2025,PharmaLink,,,,,
25-03-2025,ORS Powder,Hydration,Mankind,B5489,53,442.0,287.06,404,25-10-2025,Health Distributors,,,,,
26-02-2025,Omeprazole,Gastric,Zydus,B3627,55,528.72,417.51,448,05-12-2025,PharmaLink,,,,,
26-12-2024,Cough Syrup,Cold,Cipla,B8426,71,284.16,194.02,377,24-05-2026,Health Distributors,,,,,
07-10-2025,Dolo 650,Painkiller,Mankind,B6006,1,289.76,203.98,205,26-10-2026,PharmaLink,,,,,
23-04-2024,Diclofenac Gel,Painkiller,Cipla,B7722,17,105.61,77.76,433,20-06-2026,PharmaLink,,,,,
16-05-2024,Pantoprazole,Gastric,Zydus,B4254,42,177.9,123.22,409,27-08-2025,Health Distributors,,,,,
05-07-2024,Telmisartan,Heart,Alkem,B1376,74,234.43,181.92,114,22-01-2025,LifeMed Traders,,,,,
01-04-2024,Zinc Tablet,Supplement,Dr. Reddy's,B8027,22,525.89,438.56,25,12-11-2025,LifeMed Traders,,,,,
01-04-2024,Vitamin D3,Vitamin,Mankind,B9615,73,511.29,431.45,60,12-10-2024,Care Wholesale,,,,,
01-05-2024,Pantoprazole,Gastric,Zydus,B7259,35,128.83,107.22,147,18-03-2026,MediSupply,,,,,
06-09-2025,Telmisartan,Heart,Dr. Reddy's,B7693,25,156.16,103.28,214,05-09-2026,MediSupply,,,,,
25-09-2024,Paracetamol 500mg,Painkiller,Torrent,B8506,32,148.56,112.08,189,10-11-2026,Health Distributors,,,,,
16-05-2024,Paracetamol 500mg,Painkiller,Zydus,B7283,51,624.06,393.18,351,17-06-2025,Care Wholesale,,,,,
15-03-2024,Zinc Tablet,Supplement,Torrent,B8715,43,56.59,50.11,476,09-05-2025,PharmaLink,,,,,
27-12-2025,Zinc Tablet,Supplement,Glenmark,B7241,33,380.3,338.72,258,20-03-2028,PharmaLink,,,,,
15-05-2024,Amlodipine,Heart,Alkem,B3783,75,601.42,435.88,91,04-08-2025,LifeMed Traders,,,,,
24-04-2025,Omeprazole,Gastric,Alkem,B5266,68,83.46,66.31,221,15-03-2026,Health Distributors,,,,,
10-05-2024,Metformin 500,Diabetes,Sun Pharma,B8046,36,362.8,228.65,382,10-11-2025,PharmaLink,,,,,
27-09-2024,Vitamin D3,Vitamin,Glenmark,B3478,22,311.68,236.5,161,11-08-2026,LifeMed Traders,,,,,
12-07-2024,Pantoprazole,Gastric,Sun Pharma,B3679,5,89.53,73.69,240,01-10-2025,Care Wholesale,,,,,
21-05-2025,Telmisartan,Heart,Cipla,B9077,72,33.27,26.03,248,28-02-2027,Health Distributors,,,,,
23-12-2024,Amoxicillin 500,Antibiotic,Cipla,B9335,24,75.72,49.36,427,10-12-2025,PharmaLink,,,,,
05-08-2024,Diclofenac Gel,Painkiller,Glenmark,B3958,68,421.72,265.93,392,08-09-2026,Care Wholesale,,,,,
25-05-2025,Crocin,Painkiller,Dr. Reddy's,B2998,4,474.2,307.19,145,19-10-2027,Care Wholesale,,,,,
18-04-2024,Insulin,Diabetes,Glenmark,B8861,11,444.79,377.94,235,21-08-2026,Care Wholesale,,,,,
04-11-2025,Vitamin D3,Vitamin,Glenmark,B6323,80,16.75,10.57,486,09-08-2027,LifeMed Traders,,,,,
19-02-2024,Amoxicillin 500,Antibiotic,Dr. Reddy's,B9964,8,449.77,362.29,380,28-10-2024,LifeMed Traders,,,,,
12-02-2025,Amlodipine,Heart,Cipla,B4411,52,147.36,120.78,45,01-09-2025,MediSupply,,,,,
18-10-2024,Amlodipine,Heart,Lupin,B9042,20,463.78,294.05,61,15-02-2026,Care Wholesale,,,,,
14-05-2024,Calcium Tablet,Supplement,Glenmark,B9021,48,191.38,166.7,262,02-06-2025,Care Wholesale,,,,,
01-10-2024,Amlodipine,Heart,Zydus,B4053,55,336.89,256.87,415,11-04-2026,Care Wholesale,,,,,
11-02-2024,Telmisartan,Heart,Cipla,B3540,29,372.7,234.9,331,12-07-2026,Care Wholesale,,,,,
26-03-2024,Cough Syrup,Cold,Abbott,B3093,62,179.99,136.49,153,21-02-2025,PharmaLink,,,,,
13-03-2025,Vitamin C,Vitamin,Abbott,B9411,10,155.77,138.6,469,25-10-2025,Health Distributors,,,,,
26-02-2025,Cough Syrup,Cold,Lupin,B6823,73,71.18,49.76,416,11-05-2026,PharmaLink,,,,,
30-05-2025,Diclofenac Gel,Painkiller,Cipla,B7438,60,22.33,15.19,91,31-05-2026,Health Distributors,,,,,
22-12-2025,Crocin,Painkiller,Lupin,B8371,59,194.49,139.56,387,06-05-2028,LifeMed Traders,,,,,
10-07-2024,Vitamin D3,Vitamin,Alkem,B2742,78,115.38,101.29,132,26-11-2026,Care Wholesale,,,,,
06-01-2024,Ibuprofen,Painkiller,Sun Pharma,B7637,62,202.03,182.56,235,12-06-2026,LifeMed Traders,,,,,
25-09-2025,Omeprazole,Gastric,Torrent,B2435,51,517.44,367.4,411,27-01-2027,MediSupply,,,,,
14-07-2024,Amoxicillin 500,Antibiotic,Sun Pharma,B4428,25,63.67,57.47,439,06-02-2025,Care Wholesale,,,,,
22-03-2025,Amoxicillin 500,Antibiotic,Dr. Reddy's,B5930,69,581.36,380.2,97,15-12-2025,Care Wholesale,,,,,
08-03-2025,Amoxicillin 500,Antibiotic,Zydus,B8295,20,20.87,17.64,378,24-08-2027,Care Wholesale,,,,,
05-04-2025,Omeprazole,Gastric,Sun Pharma,B1834,73,320.18,266.67,424,07-11-2026,PharmaLink,,,,,
07-10-2025,Paracetamol 500mg,Painkiller,Cipla,B5764,54,503.53,382.65,434,25-08-2027,Health Distributors,,,,,
12-05-2025,Omeprazole,Gastric,Lupin,B9655,63,343.5,234.9,118,09-01-2026,Health Distributors,,,,,
19-11-2024,Telmisartan,Heart,Glenmark,B2915,54,311.62,252.54,455,14-09-2026,Care Wholesale,,,,,
04-04-2025,Zinc Tablet,Supplement,Alkem,B8688,37,351.22,316.3,371,15-04-2026,PharmaLink,,,,,
03-06-2025,Pantoprazole,Gastric,Dr. Reddy's,B8675,44,163.4,105.11,471,08-08-2027,MediSupply,,,,,
02-03-2025,Calcium Tablet,Supplement,Lupin,B3654,47,540.46,376.22,407,25-12-2026,LifeMed Traders,,,,,
08-12-2025,ORS Powder,Hydration,Torrent,B3561,17,486.21,339.17,88,27-12-2026,LifeMed Traders,,,,,
01-03-2025,Omeprazole,Gastric,Cipla,B1770,31,572.19,424.83,107,21-03-2027,Health Distributors,,,,,
31-12-2024,Insulin,Diabetes,Torrent,B6533,65,364.76,307.2,16,02-09-2025,Care Wholesale,,,,,
20-08-2024,Azithromycin 500,Antibiotic,Glenmark,B1764,34,74.35,61.34,174,14-02-2026,LifeMed Traders,,,,,
07-12-2025,Vitamin D3,Vitamin,Mankind,B8173,14,552.68,394.17,361,26-07-2026,Care Wholesale,,,,,
17-09-2025,Azithromycin 500,Antibiotic,Cipla,B1687,14,424.31,277.47,421,12-10-2027,LifeMed Traders,,,,,
07-10-2025,Azithromycin 500,Antibiotic,Mankind,B8233,47,72.38,60.18,80,29-01-2027,LifeMed Traders,,,,,
06-06-2024,Omeprazole,Gastric,Cipla,B8194,18,372.61,294.02,62,27-06-2025,Care Wholesale,,,,,
30-04-2025,Paracetamol 500mg,Painkiller,Dr. Reddy's,B7799,11,214.86,158.86,136,12-11-2026,PharmaLink,,,,,
26-06-2025,Vitamin C,Vitamin,Mankind,B8516,55,236.02,194.4,211,15-02-2027,LifeMed Traders,,,,,
29-03-2025,Insulin,Diabetes,Sun Pharma,B2389,67,79.94,72.35,483,05-12-2025,PharmaLink,,,,,
17-06-2024,Metformin 500,Diabetes,Lupin,B3473,5,259.15,199.86,338,01-10-2026,LifeMed Traders,,,,,
29-10-2024,Dolo 650,Painkiller,Abbott,B6139,71,298.29,193.33,447,04-03-2026,PharmaLink,,,,,
24-06-2025,Paracetamol 500mg,Painkiller,Torrent,B4360,52,325.98,277.8,228,11-10-2027,LifeMed Traders,,,,,
29-10-2025,Zinc Tablet,Supplement,Glenmark,B5940,52,258.89,203.43,397,15-11-2026,Health Distributors,,,,,
08-12-2024,Dolo 650,Painkiller,Abbott,B5651,17,263.25,180.38,266,11-12-2026,MediSupply,,,,,
19-07-2025,Crocin,Painkiller,Abbott,B9846,21,185.5,146.02,11,12-02-2026,LifeMed Traders,,,,,
07-11-2024,Vitamin D3,Vitamin,Dr. Reddy's,B7110,15,524.45,329.12,374,06-07-2025,PharmaLink,,,,,
06-05-2024,Cough Syrup,Cold,Alkem,B1085,16,41.48,29.1,229,03-09-2025,Care Wholesale,,,,,
18-08-2025,Metformin 500,Diabetes,Dr. Reddy's,B4831,69,399.15,257.99,432,16-10-2027,PharmaLink,,,,,
13-11-2025,Calcium Tablet,Supplement,Torrent,B9514,18,517.21,354.88,365,02-06-2027,MediSupply,,,,,
12-06-2025,Azithromycin 500,Antibiotic,Alkem,B3401,47,401.15,265.41,232,19-03-2026,Care Wholesale,,,,,
04-04-2024,Telmisartan,Heart,Cipla,B2279,61,54.81,35.49,109,31-12-2025,PharmaLink,,,,,
25-08-2025,Cough Syrup,Cold,Lupin,B7937,34,379.89,255.06,299,16-07-2027,Care Wholesale,,,,,
15-06-2024,Omeprazole,Gastric,Lupin,B9669,59,83.54,71.8,66,21-05-2026,Health Distributors,,,,,
29-04-2025,ORS Powder,Hydration,Zydus,B7694,72,26.41,22.41,189,24-02-2026,Health Distributors,,,,,
08-08-2025,Azithromycin 500,Antibiotic,Alkem,B7135,16,185.15,136.0,190,13-12-2026,PharmaLink,,,,,
29-01-2024,Calcium Tablet,Supplement,Zydus,B5999,76,418.9,357.71,215,14-09-2024,PharmaLink,,,,,
15-05-2025,ORS Powder,Hydration,Mankind,B7841,9,12.25,8.92,445,26-12-2025,Care Wholesale,,,,,
02-08-2025,Diclofenac Gel,Painkiller,Torrent,B3175,49,263.87,207.95,243,11-10-2027,MediSupply,,,,,
05-04-2025,Cough Syrup,Cold,Zydus,B7711,42,355.77,302.91,45,03-07-2027,Care Wholesale,,,,,
13-12-2024,Vitamin C,Vitamin,Lupin,B2450,57,390.21,247.12,376,22-03-2026,MediSupply,,,,,
07-10-2025,Paracetamol 500mg,Painkiller,Glenmark,B2395,72,523.19,359.9,330,09-08-2026,MediSupply,,,,,
13-08-2025,Zinc Tablet,Supplement,Abbott,B9235,67,541.27,342.87,96,11-06-2027,Health Distributors,,,,,
03-07-2024,Azithromycin 500,Antibiotic,Abbott,B8278,27,536.29,433.37,125,15-08-2026,Health Distributors,,,,,
24-11-2024,Ibuprofen,Painkiller,Glenmark,B3957,3,208.32,185.59,174,13-08-2026,Care Wholesale,,,,,
20-11-2024,Paracetamol 500mg,Painkiller,Abbott,B5675,13,202.58,176.85,277,07-11-2025,MediSupply,,,,,
01-04-2024,Cetirizine,Allergy,Torrent,B6329,22,120.05,76.17,30,19-06-2026,MediSupply,,,,,
01-11-2024,Paracetamol 500mg,Painkiller,Sun Pharma,B5225,53,227.24,180.35,457,27-03-2026,Care Wholesale,,,,,
26-07-2024,Azithromycin 500,Antibiotic,Sun Pharma,B9264,31,159.3,113.91,252,26-06-2026,Care Wholesale,,,,,
03-03-2024,Azithromycin 500,Antibiotic,Torrent,B7676,9,204.69,148.7,247,28-09-2024,MediSupply,,,,,
21-07-2025,Paracetamol 500mg,Painkiller,Torrent,B3057,32,623.69,433.86,390,08-08-2027,PharmaLink,,,,,
01-04-2025,Diclofenac Gel,Painkiller,Lupin,B7116,27,63.93,45.09,400,20-02-2026,LifeMed Traders,,,,,
04-07-2025,Cetirizine,Allergy,Dr. Reddy's,B1016,72,678.19,429.05,231,11-02-2026,Care Wholesale,,,,,
30-10-2025,Zinc Tablet,Supplement,Torrent,B5110,62,481.54,437.66,139,31-12-2027,Care Wholesale,,,,,
22-08-2025,Insulin,Diabetes,Dr. Reddy's,B2145,21,470.93,379.58,378,18-08-2027,PharmaLink,,,,,
16-12-2025,Crocin,Painkiller,Lupin,B4454,72,72.95,62.36,143,30-08-2027,LifeMed Traders,,,,,
29-11-2025,Cough Syrup,Cold,Alkem,B6269,58,603.71,425.87,139,03-02-2027,PharmaLink,,,,,
05-09-2025,ORS Powder,Hydration,Zydus,B8807,18,238.5,153.18,330,06-03-2026,Health Distributors,,,,,
27-02-2025,Paracetamol 500mg,Painkiller,Mankind,B9816,63,367.36,253.66,390,02-10-2026,Health Distributors,,,,,
01-02-2024,Crocin,Painkiller,Abbott,B6783,57,607.01,402.52,344,03-12-2024,Care Wholesale,,,,,
31-01-2025,Zinc Tablet,Supplement,Alkem,B7069,2,128.1,86.32,63,15-11-2026,MediSupply,,,,,
14-08-2024,Pantoprazole,Gastric,Sun Pharma,B5967,46,497.71,336.47,98,13-05-2025,MediSupply,,,,,
06-01-2025,Vitamin C,Vitamin,Zydus,B4212,78,32.66,24.26,107,12-07-2025,Care Wholesale,,,,,
05-08-2025,Azithromycin 500,Antibiotic,Torrent,B3875,25,271.59,229.14,337,03-09-2027,Health Distributors,,,,,
07-03-2024,Diclofenac Gel,Painkiller,Mankind,B5494,30,100.78,64.32,451,20-02-2026,MediSupply,,,,,
21-09-2025,Paracetamol 500mg,Painkiller,Abbott,B1849,59,165.32,119.79,1,31-05-2027,PharmaLink,,,,,
07-10-2024,Telmisartan,Heart,Lupin,B1712,64,84.0,61.8,185,16-09-2026,MediSupply,,,,,
06-03-2025,Dolo 650,Painkiller,Torrent,B2340,51,306.14,243.33,99,10-08-2026,LifeMed Traders,,,,,
07-12-2025,Paracetamol 500mg,Painkiller,Dr. Reddy's,B6394,32,222.13,195.33,100,20-11-2026,PharmaLink,,,,,
29-01-2024,Crocin,Painkiller,Cipla,B6477,76,331.11,220.15,408,29-04-2026,PharmaLink,,,,,
29-04-2025,Vitamin C,Vitamin,Cipla,B9514,7,144.0,113.35,420,02-10-2026,MediSupply,,,,,
26-09-2025,Crocin,Painkiller,Glenmark,B2401,58,231.67,201.83,296,30-07-2026,Health Distributors,,,,,
16-11-2024,Dolo 650,Painkiller,Lupin,B1897,17,580.73,401.42,31,10-08-2026,PharmaLink,,,,,
08-03-2024,Zinc Tablet,Supplement,Lupin,B7581,7,59.79,53.01,150,29-09-2025,Health Distributors,,,,,
26-08-2024,Zinc Tablet,Supplement,Lupin,B7290,80,582.78,390.15,5,01-06-2026,Care Wholesale,,,,,
26-09-2025,Telmisartan,Heart,Glenmark,B6377,4,75.21,52.76,232,05-09-2027,LifeMed Traders,,,,,
15-04-2024,ORS Powder,Hydration,Cipla,B3064,76,19.56,13.43,404,28-04-2025,LifeMed Traders,,,,,
07-03-2025,Vitamin D3,Vitamin,Alkem,B1722,24,311.39,220.78,124,21-01-2026,Health Distributors,,,,,
21-08-2025,Amoxicillin 500,Antibiotic,Torrent,B9866,46,316.99,200.64,159,07-10-2027,MediSupply,,,,,
12-11-2024,Amoxicillin 500,Antibiotic,Zydus,B3369,2,342.11,274.67,265,01-01-2027,Health Distributors,,,,,
26-07-2025,Vitamin C,Vitamin,Abbott,B4297,26,508.09,387.55,499,15-08-2026,Health Distributors,,,,,
14-11-2025,Metformin 500,Diabetes,Dr. Reddy's,B6425,60,315.6,218.27,307,21-04-2028,LifeMed Traders,,,,,
22-09-2025,Diclofenac Gel,Painkiller,Alkem,B9125,14,177.56,140.44,232,03-05-2026,MediSupply,,,,,
10-12-2025,Paracetamol 500mg,Painkiller,Dr. Reddy's,B7158,31,155.0,109.78,246,13-05-2027,MediSupply,,,,,
07-01-2024,Amlodipine,Heart,Mankind,B3333,4,191.41,168.37,284,30-10-2024,PharmaLink,,,,,
08-10-2025,Pantoprazole,Gastric,Dr. Reddy's,B4262,6,395.71,266.87,499,06-05-2026,MediSupply,,,,,
12-08-2024,Calcium Tablet,Supplement,Mankind,B5029,44,582.8,399.34,433,29-08-2026,MediSupply,,,,,
29-06-2024,ORS Powder,Hydration,Sun Pharma,B3248,3,591.88,380.55,425,19-11-2026,Care Wholesale,,,,,
03-08-2024,Azithromycin 500,Antibiotic,Alkem,B9633,48,174.28,142.84,338,24-07-2025,LifeMed Traders,,,,,
01-05-2024,Telmisartan,Heart,Cipla,B7196,25,112.22,71.84,98,26-04-2026,PharmaLink,,,,,
15-03-2025,Metformin 500,Diabetes,Glenmark,B4098,6,537.59,439.83,390,03-06-2027,LifeMed Traders,,,,,
01-12-2024,Calcium Tablet,Supplement,Mankind,B9327,36,165.88,117.25,446,06-10-2025,LifeMed Traders,,,,,
24-03-2024,Omeprazole,Gastric,Dr. Reddy's,B9333,79,530.63,354.82,33,10-03-2025,Care Wholesale,,,,,
25-05-2025,Cough Syrup,Cold,Alkem,B8918,48,282.33,237.35,269,02-11-2027,Care Wholesale,,,,,
18-08-2025,Omeprazole,Gastric,Torrent,B4394,75,289.05,185.22,332,23-03-2026,MediSupply,,,,,
28-08-2024,ORS Powder,Hydration,Zydus,B7129,49,229.29,182.99,292,03-08-2025,PharmaLink,,,,,
17-05-2024,Ibuprofen,Painkiller,Cipla,B1674,67,424.43,340.22,180,06-07-2025,Care Wholesale,,,,,
10-12-2024,Cough Syrup,Cold,Glenmark,B6194,53,261.87,196.34,188,30-10-2026,PharmaLink,,,,,
02-07-2024,Amlodipine,Heart,Sun Pharma,B5825,10,250.54,203.23,183,23-03-2025,LifeMed Traders,,,,,
21-10-2025,Cough Syrup,Cold,Abbott,B2168,30,52.69,42.55,50,18-08-2026,PharmaLink,,,,,
24-07-2024,Dolo 650,Painkiller,Abbott,B5496,33,223.57,155.52,154,20-12-2026,MediSupply,,,,,
10-07-2025,Zinc Tablet,Supplement,Mankind,B7616,39,454.15,411.27,144,26-12-2026,Care Wholesale,,,,,
28-04-2025,Diclofenac Gel,Painkiller,Sun Pharma,B4728,20,473.78,297.11,443,06-12-2026,MediSupply,,,,,
27-08-2024,ORS Powder,Hydration,Zydus,B6581,60,352.33,235.99,369,10-06-2026,Health Distributors,,,,,
15-03-2025,Metformin 500,Diabetes,Dr. Reddy's,B1493,27,504.82,348.4,224,15-12-2026,PharmaLink,,,,,
11-05-2024,Amoxicillin 500,Antibiotic,Glenmark,B6810,64,210.14,143.06,414,12-09-2026,PharmaLink,,,,,
11-03-2025,Vitamin C,Vitamin,Lupin,B1380,69,404.97,311.11,153,06-08-2026,LifeMed Traders,,,,,
06-06-2024,Dolo 650,Painkiller,Mankind,B7404,73,702.64,439.94,322,12-08-2026,Care Wholesale,,,,,
06-03-2024,ORS Powder,Hydration,Lupin,B8397,14,291.66,244.24,168,08-04-2026,PharmaLink,,,,,
16-04-2024,Crocin,Painkiller,Mankind,B4058,78,364.13,306.3,250,09-11-2024,MediSupply,,,,,
17-10-2024,Crocin,Painkiller,Lupin,B1941,68,123.31,99.0,35,24-07-2026,PharmaLink,,,,,
24-06-2024,Cough Syrup,Cold,Sun Pharma,B3115,51,237.01,152.43,80,13-04-2025,LifeMed Traders,,,,,
11-03-2024,Telmisartan,Heart,Zydus,B6075,27,279.21,179.93,66,05-04-2025,Care Wholesale,,,,,
10-09-2025,Omeprazole,Gastric,Mankind,B8519,26,329.09,262.19,257,08-02-2028,PharmaLink,,,,,
26-05-2024,ORS Powder,Hydration,Sun Pharma,B9615,78,310.03,205.01,413,01-08-2025,PharmaLink,,,,,
16-04-2025,Diclofenac Gel,Painkiller,Zydus,B8476,12,237.91,212.51,147,05-08-2027,PharmaLink,,,,,
19-09-2025,Calcium Tablet,Supplement,Lupin,B8079,54,567.21,371.96,127,17-09-2026,Care Wholesale,,,,,
16-12-2025,Amlodipine,Heart,Mankind,B5485,6,336.29,259.33,122,22-11-2026,LifeMed Traders,,,,,
15-12-2025,Calcium Tablet,Supplement,Cipla,B2986,64,510.52,329.13,210,31-12-2027,PharmaLink,,,,,
31-05-2025,Crocin,Painkiller,Cipla,B4397,58,438.02,346.81,84,12-08-2026,LifeMed Traders,,,,,
28-01-2024,Dolo 650,Painkiller,Zydus,B7542,60,58.4,40.35,195,12-07-2025,MediSupply,,,,,
11-01-2024,Amlodipine,Heart,Sun Pharma,B8606,18,172.76,118.77,167,26-05-2026,Care Wholesale,,,,,
25-03-2024,Pantoprazole,Gastric,Cipla,B5573,57,305.79,250.41,71,16-01-2026,MediSupply,,,,,
13-09-2025,Cetirizine,Allergy,Sun Pharma,B3759,69,65.38,52.43,379,16-04-2027,Health Distributors,,,,,
06-06-2024,Paracetamol 500mg,Painkiller,Torrent,B9721,5,241.09,202.77,457,25-10-2026,MediSupply,,,,,
12-10-2025,Pantoprazole,Gastric,Sun Pharma,B6051,14,520.89,366.69,199,16-03-2028,Care Wholesale,,,,,
05-01-2024,Dolo 650,Painkiller,Glenmark,B7138,26,38.03,29.51,475,15-03-2025,MediSupply,,,,,
17-01-2024,ORS Powder,Hydration,Cipla,B2035,44,309.97,194.38,420,27-01-2025,MediSupply,,,,,
20-06-2024,Azithromycin 500,Antibiotic,Mankind,B4105,42,37.23,27.45,165,15-07-2026,LifeMed Traders,,,,,
08-02-2025,ORS Powder,Hydration,Abbott,B6298,28,490.85,423.0,54,07-08-2026,MediSupply,,,,,
31-10-2025,Paracetamol 500mg,Painkiller,Lupin,B5562,59,191.32,147.78,112,05-07-2026,LifeMed Traders,,,,,
09-03-2024,Insulin,Diabetes,Sun Pharma,B9784,77,521.4,399.37,255,18-12-2024,LifeMed Traders,,,,,
07-04-2024,Cetirizine,Allergy,Torrent,B3177,50,434.49,273.14,347,14-09-2026,PharmaLink,,,,,
13-11-2025,Cetirizine,Allergy,Alkem,B8354,78,280.26,221.1,466,01-01-2028,Care Wholesale,,,,,
30-05-2025,Cough Syrup,Cold,Dr. Reddy's,B3032,30,426.7,267.66,10,19-08-2027,PharmaLink,,,,,
06-09-2024,Vitamin C,Vitamin,Lupin,B4309,48,318.58,281.94,255,02-01-2026,MediSupply,,,,,
19-10-2025,Amlodipine,Heart,Dr. Reddy's,B6385,77,38.65,24.75,484,15-07-2027,MediSupply,,,,,
21-10-2025,Vitamin D3,Vitamin,Alkem,B1388,54,398.47,355.84,331,08-02-2027,MediSupply,,,,,
05-09-2024,Metformin 500,Diabetes,Alkem,B4644,32,111.54,98.97,410,05-02-2027,LifeMed Traders,,,,,
25-11-2024,Amlodipine,Heart,Abbott,B2146,9,126.11,89.13,445,09-10-2026,MediSupply,,,,,
28-07-2024,Dolo 650,Painkiller,Mankind,B4871,71,75.36,63.5,425,21-08-2025,LifeMed Traders,,,,,
23-04-2025,Crocin,Painkiller,Lupin,B5079,32,212.8,145.67,217,18-04-2026,PharmaLink,,,,,
04-04-2025,Calcium Tablet,Supplement,Glenmark,B7524,62,523.18,435.73,40,04-10-2026,Care Wholesale,,,,,
27-03-2025,Cetirizine,Allergy,Zydus,B8897,56,273.68,194.83,389,01-03-2026,Health Distributors,,,,,
26-03-2024,Amlodipine,Heart,Lupin,B3878,77,536.0,343.42,275,25-02-2025,PharmaLink,,,,,
09-11-2024,Amlodipine,Heart,Zydus,B6459,78,268.45,208.49,246,20-07-2025,MediSupply,,,,,
07-06-2024,Omeprazole,Gastric,Dr. Reddy's,B9051,65,455.09,412.93,373,22-12-2025,Care Wholesale,,,,,
17-01-2025,Telmisartan,Heart,Lupin,B1636,76,222.87,177.74,36,07-09-2026,Health Distributors,,,,,
15-06-2024,Amlodipine,Heart,Glenmark,B9349,33,123.71,93.85,394,03-12-2025,Care Wholesale,,,,,
28-10-2025,Insulin,Diabetes,Sun Pharma,B1565,32,233.96,178.32,124,28-08-2027,PharmaLink,,,,,
24-09-2024,Paracetamol 500mg,Painkiller,Mankind,B3644,19,433.28,275.6,130,01-12-2025,Health Distributors,,,,,
21-10-2025,Azithromycin 500,Antibiotic,Cipla,B9495,76,416.76,322.53,498,10-07-2026,MediSupply,,,,,
13-03-2025,Telmisartan,Heart,Mankind,B6045,69,149.85,119.77,337,05-10-2026,Care Wholesale,,,,,
13-10-2025,Crocin,Painkiller,Cipla,B7520,19,391.31,261.09,137,11-11-2026,PharmaLink,,,,,
18-05-2025,Paracetamol 500mg,Painkiller,Mankind,B5724,54,9.87,8.7,268,14-01-2027,Care Wholesale,,,,,
18-01-2025,Cetirizine,Allergy,Mankind,B2806,63,105.5,90.39,93,13-12-2026,Care Wholesale,,,,,
09-07-2024,Diclofenac Gel,Painkiller,Dr. Reddy's,B8220,25,142.81,96.82,132,27-02-2026,LifeMed Traders,,,,,
22-03-2024,Azithromycin 500,Antibiotic,Mankind,B1486,36,177.3,137.56,32,03-09-2025,LifeMed Traders,,,,,
11-05-2025,Vitamin C,Vitamin,Zydus,B1685,8,351.31,305.38,136,14-11-2025,Health Distributors,,,,,
08-01-2024,ORS Powder,Hydration,Abbott,B8753,35,236.7,174.04,477,15-11-2025,PharmaLink,,,,,
10-12-2024,Zinc Tablet,Supplement,Lupin,B6918,41,265.58,171.89,418,08-02-2026,Care Wholesale,,,,,
28-02-2024,Amlodipine,Heart,Glenmark,B7583,13,674.66,439.08,1,06-12-2025,MediSupply,,,,,
05-05-2024,Paracetamol 500mg,Painkiller,Glenmark,B8785,32,486.1,392.1,188,06-02-2026,LifeMed Traders,,,,,
04-01-2024,Telmisartan,Heart,Dr. Reddy's,B6901,42,700.8,443.89,8,11-04-2026,Health Distributors,,,,,
27-08-2024,Metformin 500,Diabetes,Zydus,B6707,79,359.07,276.19,406,17-05-2025,Care Wholesale,,,,,
29-01-2025,Omeprazole,Gastric,Cipla,B9267,19,165.13,137.89,445,11-01-2027,Health Distributors,,,,,
30-03-2024,Amoxicillin 500,Antibiotic,Zydus,B3753,71,202.84,141.2,447,17-01-2026,Care Wholesale,,,,,
09-11-2025,Azithromycin 500,Antibiotic,Zydus,B2465,22,301.73,246.98,385,13-03-2028,Health Distributors,,,,,
13-06-2024,Telmisartan,Heart,Sun Pharma,B4610,50,528.82,418.62,392,23-09-2025,PharmaLink,,,,,
12-11-2025,Omeprazole,Gastric,Cipla,B6452,63,92.97,68.0,46,18-04-2028,MediSupply,,,,,
07-03-2024,Diclofenac Gel,Painkiller,Glenmark,B8159,49,377.07,292.64,334,22-06-2026,MediSupply,,,,,
28-04-2024,Vitamin C,Vitamin,Torrent,B4082,44,157.88,136.61,379,23-06-2026,Health Distributors,,,,,
10-05-2024,Diclofenac Gel,Painkiller,Alkem,B6092,74,607.43,385.17,377,07-11-2024,Health Distributors,,,,,
13-07-2024,Diclofenac Gel,Painkiller,Abbott,B3069,41,608.03,382.43,394,17-01-2026,LifeMed Traders,,,,,
15-08-2024,Zinc Tablet,Supplement,Glenmark,B5863,59,60.87,55.11,161,09-07-2025,MediSupply,,,,,
30-05-2024,Omeprazole,Gastric,Zydus,B6060,5,321.21,273.85,306,19-10-2025,LifeMed Traders,,,,,
24-12-2025,Azithromycin 500,Antibiotic,Torrent,B7171,28,370.45,261.7,253,16-04-2027,Health Distributors,,,,,
03-08-2024,Metformin 500,Diabetes,Mankind,B3933,29,600.01,382.85,358,24-03-2025,Care Wholesale,,,,,
06-11-2025,Amlodipine,Heart,Torrent,B6528,3,485.13,411.27,280,10-06-2027,Care Wholesale,,,,,
04-02-2025,Omeprazole,Gastric,Alkem,B4196,37,246.67,180.85,144,17-07-2027,LifeMed Traders,,,,,
14-05-2024,Amlodipine,Heart,Cipla,B8496,7,225.77,150.95,435,17-09-2025,MediSupply,,,,,
28-03-2025,Diclofenac Gel,Painkiller,Mankind,B4205,19,393.11,315.61,107,05-05-2026,Health Distributors,,,,,
14-04-2024,Insulin,Diabetes,Glenmark,B3756,19,490.74,307.82,192,22-12-2025,Health Distributors,,,,,
30-04-2025,Azithromycin 500,Antibiotic,Alkem,B8107,66,98.43,87.4,332,08-10-2026,MediSupply,,,,,
04-02-2024,Amlodipine,Heart,Dr. Reddy's,B3826,39,78.56,60.51,352,04-04-2026,Care Wholesale,,,,,
27-10-2025,Crocin,Painkiller,Zydus,B2966,57,250.51,176.89,188,06-05-2026,Health Distributors,,,,,
15-05-2025,Crocin,Painkiller,Cipla,B8856,29,453.06,291.5,11,04-07-2027,PharmaLink,,,,,
04-07-2024,Azithromycin 500,Antibiotic,Glenmark,B3051,56,284.33,177.71,152,08-08-2026,Health Distributors,,,,,
31-12-2025,Metformin 500,Diabetes,Cipla,B1323,24,613.62,409.73,207,15-06-2028,Care Wholesale,,,,,
26-06-2025,Ibuprofen,Painkiller,Abbott,B3033,75,304.44,223.94,275,21-10-2027,MediSupply,,,,,
05-09-2025,Azithromycin 500,Antibiotic,Mankind,B3015,58,347.66,315.29,409,19-01-2027,Health Distributors,,,,,
30-07-2024,Amoxicillin 500,Antibiotic,Glenmark,B2386,33,339.14,296.47,435,02-03-2025,Health Distributors,,,,,
07-01-2025,Cough Syrup,Cold,Torrent,B1756,1,515.93,435.09,127,09-05-2026,LifeMed Traders,,,,,
31-03-2025,Calcium Tablet,Supplement,Abbott,B9818,41,93.92,69.82,267,22-09-2026,LifeMed Traders,,,,,
09-11-2025,ORS Powder,Hydration,Cipla,B4526,25,451.28,370.34,72,10-03-2027,MediSupply,,,,,
09-08-2024,Zinc Tablet,Supplement,Abbott,B5177,80,333.92,269.57,216,22-04-2025,PharmaLink,,,,,
13-02-2025,Amlodipine,Heart,Mankind,B3346,55,329.54,209.58,481,24-07-2027,LifeMed Traders,,,,,
06-10-2025,ORS Powder,Hydration,Cipla,B9379,25,530.17,331.84,365,20-04-2027,LifeMed Traders,,,,,
06-06-2024,Cetirizine,Allergy,Lupin,B5055,49,220.84,147.83,13,13-08-2026,Health Distributors,,,,,
28-06-2025,Vitamin D3,Vitamin,Cipla,B2457,9,77.81,56.62,168,11-10-2027,PharmaLink,,,,,
29-05-2024,Metformin 500,Diabetes,Torrent,B4640,2,475.49,392.03,50,16-12-2025,Care Wholesale,,,,,
28-06-2024,Azithromycin 500,Antibiotic,Cipla,B2565,76,370.14,240.7,420,10-05-2026,LifeMed Traders,,,,,
15-10-2024,Insulin,Diabetes,Glenmark,B7382,7,353.43,251.78,87,04-03-2026,MediSupply,,,,,
18-07-2025,Insulin,Diabetes,Abbott,B5244,62,412.95,270.82,303,24-05-2026,Health Distributors,,,,,
04-11-2025,Cough Syrup,Cold,Mankind,B7064,35,82.33,63.85,27,16-02-2028,MediSupply,,,,,
24-12-2025,Zinc Tablet,Supplement,Lupin,B9228,46,277.54,210.34,408,14-10-2027,PharmaLink,,,,,
17-06-2025,Vitamin D3,Vitamin,Lupin,B2424,30,653.59,424.22,156,25-09-2027,PharmaLink,,,,,
02-04-2024,Telmisartan,Heart,Alkem,B3705,31,328.45,288.53,483,02-01-2025,LifeMed Traders,,,,,
19-10-2024,Dolo 650,Painkiller,Cipla,B9334,2,340.56,252.94,492,25-06-2026,MediSupply,,,,,
11-06-2025,Omeprazole,Gastric,Zydus,B7643,69,447.08,310.82,357,14-04-2026,Health Distributors,,,,,
08-01-2024,Zinc Tablet,Supplement,Dr. Reddy's,B9652,45,469.73,323.66,125,14-05-2026,LifeMed Traders,,,,,
04-04-2025,Dolo 650,Painkiller,Glenmark,B3864,68,624.3,434.37,462,19-05-2026,Health Distributors,,,,,
10-06-2025,Insulin,Diabetes,Mankind,B7115,64,184.74,164.15,194,30-05-2026,Health Distributors,,,,,
06-07-2025,Metformin 500,Diabetes,Dr. Reddy's,B5809,38,587.16,384.04,153,11-05-2027,PharmaLink,,,,,
08-10-2025,ORS Powder,Hydration,Sun Pharma,B9446,40,313.58,259.43,475,24-01-2028,Health Distributors,,,,,
14-05-2025,Pantoprazole,Gastric,Glenmark,B6798,59,36.85,33.41,168,11-09-2026,Health Distributors,,,,,
09-07-2024,Paracetamol 500mg,Painkiller,Alkem,B2388,56,205.1,185.71,251,26-07-2025,LifeMed Traders,,,,,
24-02-2025,Cough Syrup,Cold,Mankind,B5098,20,84.3,62.74,393,26-06-2027,MediSupply,,,,,
18-01-2025,Omeprazole,Gastric,Lupin,B2780,24,184.35,140.28,274,18-04-2026,Care Wholesale,,,,,
23-05-2024,Pantoprazole,Gastric,Mankind,B2813,46,216.45,164.35,452,10-06-2025,MediSupply,,,,,
16-05-2024,Calcium Tablet,Supplement,Sun Pharma,B4260,5,268.47,182.39,82,25-09-2026,Care Wholesale,,,,,
07-03-2025,Vitamin D3,Vitamin,Cipla,B9222,17,302.13,224.17,166,17-10-2026,Care Wholesale,,,,,
20-04-2024,Amoxicillin 500,Antibiotic,Cipla,B4874,45,416.82,358.38,256,30-10-2024,Health Distributors,,,,,
03-09-2025,Metformin 500,Diabetes,Lupin,B2353,38,439.85,333.94,144,12-07-2027,Care Wholesale,,,,,
05-06-2024,Vitamin C,Vitamin,Glenmark,B5317,36,394.23,330.33,392,29-03-2025,MediSupply,,,,,
30-04-2025,Telmisartan,Heart,Dr. Reddy's,B4091,65,481.98,320.26,312,30-04-2026,LifeMed Traders,,,,,
03-05-2024,Amoxicillin 500,Antibiotic,Dr. Reddy's,B7984,25,74.39,66.47,475,28-03-2025,Health Distributors,,,,,
03-04-2024,Zinc Tablet,Supplement,Dr. Reddy's,B4791,68,503.22,390.04,156,16-09-2026,MediSupply,,,,,
05-05-2025,Metformin 500,Diabetes,Lupin,B5411,7,46.13,35.12,155,21-02-2026,PharmaLink,,,,,
29-12-2025,Vitamin D3,Vitamin,Alkem,B1008,7,242.9,192.79,93,07-08-2026,Health Distributors,,,,,
19-10-2024,Metformin 500,Diabetes,Dr. Reddy's,B5133,13,336.73,216.65,220,23-10-2025,Care Wholesale,,,,,
07-11-2024,Insulin,Diabetes,Alkem,B6426,71,82.2,57.3,394,16-09-2025,PharmaLink,,,,,
25-06-2025,Insulin,Diabetes,Glenmark,B7292,36,335.6,275.28,107,12-08-2027,Health Distributors,,,,,
06-10-2025,Azithromycin 500,Antibiotic,Mankind,B4120,76,390.07,336.22,495,03-02-2028,MediSupply,,,,,
17-03-2024,Pantoprazole,Gastric,Cipla,B4309,39,598.02,424.28,371,11-01-2026,LifeMed Traders,,,,,
10-05-2024,Amoxicillin 500,Antibiotic,Sun Pharma,B6690,33,127.53,92.73,456,02-06-2026,PharmaLink,,,,,
22-03-2025,Pantoprazole,Gastric,Cipla,B3735,65,49.67,37.93,404,10-10-2025,LifeMed Traders,,,,,
23-10-2024,Vitamin D3,Vitamin,Mankind,B9110,25,38.85,28.09,379,02-06-2026,LifeMed Traders,,,,,
18-06-2024,Cough Syrup,Cold,Cipla,B7567,72,272.93,201.48,399,18-01-2026,LifeMed Traders,,,,,
07-07-2024,Vitamin D3,Vitamin,Dr. Reddy's,B9401,76,13.29,9.59,356,12-01-2025,Care Wholesale,,,,,
22-09-2024,Cough Syrup,Cold,Abbott,B3803,35,171.98,142.11,282,20-07-2025,MediSupply,,,,,
31-08-2024,Dolo 650,Painkiller,Abbott,B5430,36,194.5,136.99,474,13-07-2025,Health Distributors,,,,,
01-07-2025,Vitamin C,Vitamin,Dr. Reddy's,B6317,78,84.53,59.35,497,09-01-2027,Health Distributors,,,,,
16-05-2024,Ibuprofen,Painkiller,Torrent,B1170,42,264.97,188.49,29,14-08-2026,PharmaLink,,,,,
29-06-2024,Vitamin C,Vitamin,Torrent,B7258,75,134.21,121.15,54,30-11-2026,PharmaLink,,,,,
30-07-2024,Zinc Tablet,Supplement,Abbott,B7479,35,446.67,369.05,104,13-09-2026,MediSupply,,,,,
20-03-2025,Pantoprazole,Gastric,Dr. Reddy's,B8526,12,265.14,170.94,253,20-03-2026,MediSupply,,,,,
06-08-2025,Cetirizine,Allergy,Dr. Reddy's,B3669,37,329.29,224.81,10,16-12-2026,MediSupply,,,,,
11-07-2024,Amlodipine,Heart,Glenmark,B7594,32,43.96,38.7,232,29-10-2026,Health Distributors,,,,,
13-01-2024,Cough Syrup,Cold,Mankind,B1716,3,354.02,274.66,56,24-07-2024,MediSupply,,,,,
01-10-2024,Vitamin C,Vitamin,Cipla,B2742,2,100.43,71.04,405,08-04-2025,LifeMed Traders,,,,,
26-07-2024,Metformin 500,Diabetes,Cipla,B6036,57,102.91,69.54,417,08-07-2025,PharmaLink,,,,,
06-09-2024,Omeprazole,Gastric,Mankind,B1729,70,47.28,32.7,63,26-03-2025,Health Distributors,,,,,
15-04-2024,Ibuprofen,Painkiller,Torrent,B1393,19,355.42,234.1,0,29-05-2025,MediSupply,,,,,
30-05-2024,Telmisartan,Heart,Lupin,B9057,50,204.12,164.16,351,21-03-2025,MediSupply,,,,,
14-04-2024,Azithromycin 500,Antibiotic,Dr. Reddy's,B2939,10,534.53,430.76,315,17-09-2025,PharmaLink,,,,,
11-09-2025,Crocin,Painkiller,Sun Pharma,B7967,43,98.3,74.79,307,11-09-2026,MediSupply,,,,,
20-10-2024,Calcium Tablet,Supplement,Glenmark,B5348,64,186.61,161.99,338,30-04-2026,Health Distributors,,,,,
02-11-2025,Paracetamol 500mg,Painkiller,Mankind,B2102,58,85.45,72.79,369,02-09-2027,Health Distributors,,,,,
12-10-2024,Diclofenac Gel,Painkiller,Lupin,B6777,17,90.75,71.94,93,09-05-2026,PharmaLink,,,,,
07-05-2025,Omeprazole,Gastric,Lupin,B5028,43,411.03,314.49,70,03-09-2027,Care Wholesale,,,,,
24-05-2025,Telmisartan,Heart,Abbott,B7301,69,331.36,246.13,420,13-07-2026,Health Distributors,,,,,
23-06-2025,Diclofenac Gel,Painkiller,Lupin,B4853,29,381.1,263.42,359,19-03-2026,PharmaLink,,,,,
18-01-2024,Paracetamol 500mg,Painkiller,Dr. Reddy's,B1976,18,224.85,168.18,471,05-11-2024,PharmaLink,,,,,
28-10-2024,Insulin,Diabetes,Mankind,B4973,71,320.96,211.49,497,01-07-2026,MediSupply,,,,,
21-05-2024,Vitamin C,Vitamin,Sun Pharma,B7958,19,86.61,59.82,193,13-12-2024,PharmaLink,,,,,
09-11-2025,Dolo 650,Painkiller,Cipla,B1494,77,354.77,265.07,445,16-10-2026,MediSupply,,,,,
21-03-2024,Insulin,Diabetes,Mankind,B8696,54,128.67,116.31,76,22-03-2025,MediSupply,,,,,
26-04-2025,Cough Syrup,Cold,Torrent,B3554,2,240.91,189.89,146,13-02-2026,Health Distributors,,,,,
26-06-2024,Dolo 650,Painkiller,Glenmark,B5227,55,254.76,230.46,348,02-04-2026,LifeMed Traders,,,,,
27-12-2025,Cough Syrup,Cold,Torrent,B9544,35,169.83,108.47,498,27-09-2026,Care Wholesale,,,,,
14-02-2025,Amoxicillin 500,Antibiotic,Dr. Reddy's,B2264,24,340.61,281.62,421,08-03-2027,Care Wholesale,,,,,
30-10-2025,Omeprazole,Gastric,Alkem,B7950,22,441.56,291.72,27,13-05-2027,MediSupply,,,,,
16-04-2024,Vitamin D3,Vitamin,Cipla,B5623,43,59.41,42.39,14,15-06-2025,MediSupply,,,,,
07-03-2024,Ibuprofen,Painkiller,Cipla,B4305,40,112.38,101.66,96,21-03-2026,Health Distributors,,,,,
28-03-2024,Vitamin C,Vitamin,Torrent,B1748,73,607.83,439.69,404,01-02-2026,Health Distributors,,,,,
12-11-2024,Metformin 500,Diabetes,Cipla,B9195,37,15.02,11.75,490,22-06-2026,MediSupply,,,,,
30-12-2024,Metformin 500,Diabetes,Lupin,B9250,13,636.32,438.44,169,19-08-2026,Health Distributors,,,,,
25-01-2024,Cough Syrup,Cold,Mankind,B5753,76,345.4,267.53,444,30-08-2024,MediSupply,,,,,
21-03-2024,Amoxicillin 500,Antibiotic,Zydus,B3307,30,457.81,399.26,452,25-04-2025,MediSupply,,,,,
15-09-2025,Cough Syrup,Cold,Abbott,B6554,44,463.15,295.92,229,26-07-2026,PharmaLink,,,,,
17-03-2025,Insulin,Diabetes,Glenmark,B2228,50,37.41,25.69,122,14-04-2026,MediSupply,,,,,
09-04-2024,Diclofenac Gel,Painkiller,Zydus,B9174,40,425.99,363.69,280,03-01-2025,Health Distributors,,,,,
22-06-2024,Pantoprazole,Gastric,Alkem,B6789,36,496.91,420.85,295,26-12-2025,Health Distributors,,,,,
28-12-2025,Crocin,Painkiller,Mankind,B8242,61,429.16,349.2,500,15-03-2027,MediSupply,,,,,
14-05-2025,Azithromycin 500,Antibiotic,Glenmark,B3113,52,39.0,25.5,209,06-08-2027,Care Wholesale,,,,,
01-10-2025,Insulin,Diabetes,Abbott,B5306,53,551.8,428.8,259,03-07-2027,Health Distributors,,,,,
07-09-2024,Zinc Tablet,Supplement,Sun Pharma,B5762,20,437.99,317.29,436,21-06-2025,Care Wholesale,,,,,
12-02-2025,Cetirizine,Allergy,Glenmark,B6716,60,466.91,385.39,342,14-11-2025,Care Wholesale,,,,,
21-04-2025,Pantoprazole,Gastric,Abbott,B8096,14,66.92,56.23,469,28-11-2026,MediSupply,,,,,
07-03-2024,Amlodipine,Heart,Alkem,B8802,63,236.92,148.24,108,23-08-2026,Health Distributors,,,,,
09-02-2024,Vitamin D3,Vitamin,Zydus,B6245,19,391.88,248.93,327,13-03-2025,LifeMed Traders,,,,,
24-01-2025,Dolo 650,Painkiller,Glenmark,B1886,56,53.52,35.58,242,26-02-2026,MediSupply,,,,,
03-10-2024,Paracetamol 500mg,Painkiller,Lupin,B7636,19,141.88,119.42,35,06-01-2026,Health Distributors,,,,,
05-03-2025,Calcium Tablet,Supplement,Zydus,B2514,34,344.29,239.95,94,26-10-2025,Care Wholesale,,,,,
17-06-2024,Metformin 500,Diabetes,Torrent,B3632,62,150.47,95.78,243,15-06-2026,Care Wholesale,,,,,
02-02-2025,Insulin,Diabetes,Glenmark,B3369,77,513.21,371.77,101,19-10-2025,PharmaLink,,,,,
03-06-2024,Metformin 500,Diabetes,Sun Pharma,B2861,64,633.42,404.25,442,20-10-2025,Care Wholesale,,,,,
04-01-2024,Vitamin D3,Vitamin,Abbott,B2596,17,699.08,444.8,324,05-10-2025,Health Distributors,,,,,
06-03-2025,ORS Powder,Hydration,Dr. Reddy's,B6703,77,469.7,315.83,193,11-04-2026,MediSupply,,,,,
15-01-2024,ORS Powder,Hydration,Glenmark,B9226,39,220.04,171.65,459,23-05-2025,Health Distributors,,,,,
27-02-2025,Omeprazole,Gastric,Zydus,B6502,70,241.68,189.39,218,12-02-2027,Health Distributors,,,,,
14-03-2025,Cetirizine,Allergy,Zydus,B7251,21,238.0,172.92,277,30-11-2026,PharmaLink,,,,,
19-12-2025,Telmisartan,Heart,Torrent,B2468,13,440.97,282.21,44,01-10-2026,Health Distributors,,,,,
16-04-2024,Zinc Tablet,Supplement,Lupin,B8276,70,335.63,227.41,51,23-07-2026,LifeMed Traders,,,,,
14-11-2025,Diclofenac Gel,Painkiller,Sun Pharma,B7243,29,178.39,136.14,397,21-08-2027,Health Distributors,,,,,
07-05-2024,ORS Powder,Hydration,Zydus,B7484,60,243.95,162.97,211,25-08-2026,Health Distributors,,,,,
03-06-2025,Insulin,Diabetes,Dr. Reddy's,B4957,34,205.33,133.35,157,28-01-2027,Health Distributors,,,,,
16-01-2024,Telmisartan,Heart,Sun Pharma,B6201,67,29.31,19.6,419,20-03-2026,PharmaLink,,,,,
16-03-2025,Cetirizine,Allergy,Glenmark,B7444,25,182.3,114.89,315,03-07-2027,Health Distributors,,,,,
11-05-2024,Diclofenac Gel,Painkiller,Lupin,B9475,23,548.14,423.21,206,28-09-2025,MediSupply,,,,,
11-04-2024,Telmisartan,Heart,Dr. Reddy's,B7422,16,374.34,321.83,323,21-05-2026,PharmaLink,,,,,
26-11-2024,Ibuprofen,Painkiller,Mankind,B3507,56,112.44,98.06,5,27-02-2027,Health Distributors,,,,,
21-03-2024,Zinc Tablet,Supplement,Abbott,B6867,17,290.1,260.73,232,28-06-2026,MediSupply,,,,,
31-10-2024,Vitamin C,Vitamin,Dr. Reddy's,B1847,49,142.4,93.67,394,20-01-2026,PharmaLink,,,,,
04-10-2025,Crocin,Painkiller,Mankind,B3010,14,29.03,18.23,56,16-07-2027,Health Distributors,,,,,
25-09-2024,Amoxicillin 500,Antibiotic,Torrent,B4407,64,462.48,403.42,432,29-03-2026,Care Wholesale,,,,,
23-01-2024,Azithromycin 500,Antibiotic,Zydus,B7879,10,256.4,190.88,107,24-06-2026,Care Wholesale,,,,,
13-06-2024,Metformin 500,Diabetes,Zydus,B1515,23,96.66,87.47,337,13-07-2026,Health Distributors,,,,,
10-05-2025,Metformin 500,Diabetes,Alkem,B5169,1,626.85,447.75,81,24-04-2027,Health Distributors,,,,,
31-01-2024,ORS Powder,Hydration,Glenmark,B2880,20,332.8,244.89,110,06-08-2025,MediSupply,,,,,
21-05-2024,Paracetamol 500mg,Painkiller,Alkem,B8890,17,153.9,105.13,137,24-08-2025,MediSupply,,,,,
26-12-2025,Crocin,Painkiller,Alkem,B7552,64,313.99,251.76,223,30-11-2027,MediSupply,,,,,
21-07-2024,Vitamin D3,Vitamin,Mankind,B2685,36,481.13,311.68,492,23-02-2026,LifeMed Traders,,,,,
18-06-2024,Diclofenac Gel,Painkiller,Torrent,B7942,63,566.08,358.99,221,16-03-2026,LifeMed Traders,,,,,
29-09-2025,Vitamin D3,Vitamin,Alkem,B7126,26,71.73,55.54,290,24-03-2027,Health Distributors,,,,,
04-02-2024,Pantoprazole,Gastric,Mankind,B9691,53,529.22,431.48,150,12-04-2026,PharmaLink,,,,,
27-04-2024,Amlodipine,Heart,Sun Pharma,B2190,24,110.39,87.52,183,02-07-2025,MediSupply,,,,,
28-05-2024,Insulin,Diabetes,Alkem,B6388,41,409.36,352.55,352,05-12-2024,MediSupply,,,,,
25-11-2024,Pantoprazole,Gastric,Glenmark,B4476,50,559.56,405.24,145,30-01-2027,LifeMed Traders,,,,,
28-07-2025,ORS Powder,Hydration,Cipla,B7909,10,183.78,130.9,293,16-11-2027,Care Wholesale,,,,,
21-07-2024,Metformin 500,Diabetes,Alkem,B7901,64,142.82,95.13,23,25-10-2025,Health Distributors,,,,,
24-06-2024,Azithromycin 500,Antibiotic,Zydus,B5670,31,382.15,273.83,295,11-01-2025,Health Distributors,,,,,
17-04-2025,Diclofenac Gel,Painkiller,Sun Pharma,B9642,52,203.32,133.69,18,13-04-2027,Health Distributors,,,,,
12-03-2024,Metformin 500,Diabetes,Sun Pharma,B5500,54,326.75,215.69,370,13-07-2025,PharmaLink,,,,,
22-03-2024,Insulin,Diabetes,Lupin,B5889,79,319.11,253.95,24,25-10-2025,Care Wholesale,,,,,
17-01-2025,Omeprazole,Gastric,Cipla,B3273,29,486.42,422.47,24,26-07-2025,Health Distributors,,,,,
19-08-2024,Metformin 500,Diabetes,Lupin,B1080,48,99.5,83.22,417,19-08-2026,Health Distributors,,,,,
23-04-2024,Vitamin D3,Vitamin,Sun Pharma,B7218,34,36.59,29.22,168,24-09-2026,PharmaLink,,,,,
20-08-2025,Cetirizine,Allergy,Mankind,B7771,19,246.16,211.63,385,07-10-2027,Care Wholesale,,,,,
24-06-2025,Azithromycin 500,Antibiotic,Abbott,B6274,63,153.06,114.31,499,04-10-2026,Care Wholesale,,,,,
27-09-2024,Vitamin C,Vitamin,Cipla,B4373,46,504.63,346.66,285,29-11-2025,Health Distributors,,,,,
02-03-2024,Crocin,Painkiller,Zydus,B4078,60,146.27,101.91,419,27-09-2025,Care Wholesale,,,,,
01-08-2024,Azithromycin 500,Antibiotic,Alkem,B6108,66,544.62,367.79,439,14-12-2025,Care Wholesale,,,,,
18-04-2024,Amoxicillin 500,Antibiotic,Abbott,B9412,47,498.32,412.04,197,21-01-2026,MediSupply,,,,,
11-03-2024,Amlodipine,Heart,Dr. Reddy's,B2672,40,154.62,130.8,487,21-04-2026,MediSupply,,,,,
22-04-2024,Pantoprazole,Gastric,Cipla,B8802,24,176.87,114.33,136,17-11-2024,LifeMed Traders,,,,,
28-09-2024,Pantoprazole,Gastric,Alkem,B3467,46,82.92,60.3,220,30-10-2025,Care Wholesale,,,,,
04-06-2025,Cough Syrup,Cold,Lupin,B7267,48,205.38,155.51,50,20-01-2026,Care Wholesale,,,,,
12-07-2024,ORS Powder,Hydration,Torrent,B9497,68,259.83,185.99,311,28-05-2026,Care Wholesale,,,,,
23-10-2025,Azithromycin 500,Antibiotic,Sun Pharma,B5361,15,136.39,118.03,27,27-05-2026,MediSupply,,,,,
13-04-2024,Crocin,Painkiller,Abbott,B2659,52,199.98,129.75,200,16-11-2025,MediSupply,,,,,
29-07-2024,Vitamin D3,Vitamin,Zydus,B5718,37,100.46,83.59,361,27-09-2026,Health Distributors,,,,,
30-05-2025,Azithromycin 500,Antibiotic,Mankind,B4909,40,577.46,409.24,436,31-10-2027,MediSupply,,,,,
19-06-2024,Metformin 500,Diabetes,Cipla,B8775,19,140.75,90.81,492,29-12-2024,Care Wholesale,,,,,
30-06-2024,Metformin 500,Diabetes,Sun Pharma,B6769,22,675.83,438.67,347,05-01-2025,Care Wholesale,,,,,
15-05-2025,Diclofenac Gel,Painkiller,Sun Pharma,B5762,6,526.44,393.96,419,28-11-2025,MediSupply,,,,,
20-06-2024,Cough Syrup,Cold,Abbott,B8415,13,508.34,341.71,155,25-11-2025,Care Wholesale,,,,,
20-09-2024,Insulin,Diabetes,Abbott,B5933,59,369.54,301.23,6,15-03-2026,PharmaLink,,,,,
10-05-2025,Cough Syrup,Cold,Glenmark,B4608,3,83.46,57.84,75,31-12-2026,MediSupply,,,,,
01-02-2024,Insulin,Diabetes,Zydus,B2462,56,170.59,116.01,184,26-02-2025,MediSupply,,,,,
07-10-2024,Amlodipine,Heart,Cipla,B3866,58,569.57,395.7,490,26-09-2026,PharmaLink,,,,,
04-02-2025,Insulin,Diabetes,Alkem,B1673,36,422.09,268.4,158,14-02-2026,LifeMed Traders,,,,,
19-09-2025,Cough Syrup,Cold,Alkem,B5725,73,93.38,62.35,495,08-03-2027,Health Distributors,,,,,
02-12-2025,Paracetamol 500mg,Painkiller,Zydus,B3664,67,105.2,73.03,494,23-03-2027,PharmaLink,,,,,
07-03-2024,Omeprazole,Gastric,Torrent,B3022,6,400.47,361.5,111,19-06-2025,Health Distributors,,,,,
06-01-2024,Omeprazole,Gastric,Torrent,B3256,1,283.45,198.2,25,18-03-2025,PharmaLink,,,,,
12-11-2025,Calcium Tablet,Supplement,Abbott,B3337,12,595.87,431.67,365,12-02-2027,MediSupply,,,,,
23-03-2024,Telmisartan,Heart,Glenmark,B7328,46,152.38,136.53,127,14-08-2026,Care Wholesale,,,,,
24-09-2024,Amlodipine,Heart,Cipla,B6283,23,580.01,414.73,288,12-06-2026,LifeMed Traders,,,,,
13-09-2024,Amoxicillin 500,Antibiotic,Dr. Reddy's,B5871,39,93.62,67.98,156,07-06-2025,LifeMed Traders,,,,,
06-07-2024,Pantoprazole,Gastric,Abbott,B9627,56,267.88,174.18,49,23-05-2025,Care Wholesale,,,,,
02-12-2025,Metformin 500,Diabetes,Abbott,B7721,55,430.9,322.97,238,04-08-2027,Care Wholesale,,,,,
28-01-2024,Paracetamol 500mg,Painkiller,Abbott,B4975,18,565.08,431.21,314,31-05-2025,LifeMed Traders,,,,,
10-05-2024,Cough Syrup,Cold,Alkem,B3063,38,437.75,282.43,27,13-12-2025,Care Wholesale,,,,,
14-06-2025,Paracetamol 500mg,Painkiller,Zydus,B2753,8,238.31,211.42,138,07-10-2027,PharmaLink,,,,,
24-10-2024,Zinc Tablet,Supplement,Cipla,B9369,8,372.79,257.93,62,11-12-2026,Health Distributors,,,,,
27-05-2024,ORS Powder,Hydration,Abbott,B3535,18,406.09,256.43,114,15-10-2026,PharmaLink,,,,,
11-05-2025,Calcium Tablet,Supplement,Sun Pharma,B2983,9,340.49,283.66,0,12-04-2026,LifeMed Traders,,,,,
28-07-2024,Azithromycin 500,Antibiotic,Dr. Reddy's,B1911,65,59.83,53.79,227,28-02-2026,Health Distributors,,,,,
10-05-2025,Calcium Tablet,Supplement,Lupin,B8194,70,668.01,442.35,133,26-07-2027,LifeMed Traders,,,,,
29-05-2024,Azithromycin 500,Antibiotic,Lupin,B9956,31,344.84,289.2,87,02-05-2026,MediSupply,,,,,
23-10-2024,Omeprazole,Gastric,Zydus,B5508,76,156.33,135.94,252,02-05-2026,Care Wholesale,,,,,
20-04-2025,Amlodipine,Heart,Cipla,B2968,4,252.34,192.27,145,28-01-2027,LifeMed Traders,,,,,
17-08-2025,Amlodipine,Heart,Sun Pharma,B6811,80,201.75,141.82,227,28-03-2026,MediSupply,,,,,
10-10-2024,Pantoprazole,Gastric,Zydus,B4453,65,14.19,12.03,438,05-09-2026,PharmaLink,,,,,
09-06-2025,Cough Syrup,Cold,Lupin,B6558,46,51.04,35.74,335,05-07-2027,Care Wholesale,,,,,
05-11-2025,Amoxicillin 500,Antibiotic,Torrent,B3955,62,184.04,141.9,192,30-08-2027,LifeMed Traders,,,,,
22-09-2024,Cough Syrup,Cold,Abbott,B7615,75,82.28,65.2,178,09-11-2026,Health Distributors,,,,,
11-06-2024,Dolo 650,Painkiller,Sun Pharma,B8805,64,158.18,110.41,478,03-11-2026,PharmaLink,,,,,
17-04-2024,Vitamin C,Vitamin,Dr. Reddy's,B2054,50,481.58,405.71,386,18-12-2025,Health Distributors,,,,,
27-04-2024,Zinc Tablet,Supplement,Torrent,B1482,57,36.2,24.54,390,11-11-2025,MediSupply,,,,,
16-12-2025,Metformin 500,Diabetes,Cipla,B4206,74,241.11,206.68,284,04-01-2027,PharmaLink,,,,,
26-11-2025,Omeprazole,Gastric,Zydus,B4150,21,161.42,134.45,222,17-11-2027,Health Distributors,,,,,
06-10-2025,Diclofenac Gel,Painkiller,Sun Pharma,B1085,5,496.27,432.25,414,25-08-2026,PharmaLink,,,,,
13-07-2025,Telmisartan,Heart,Glenmark,B4399,68,495.58,390.11,254,22-07-2026,LifeMed Traders,,,,,
26-12-2024,Omeprazole,Gastric,Abbott,B8190,18,256.61,165.57,410,31-08-2025,Care Wholesale,,,,,
05-08-2025,Amlodipine,Heart,Cipla,B9170,39,63.44,42.54,51,01-06-2026,MediSupply,,,,,
07-07-2025,Dolo 650,Painkiller,Glenmark,B7396,38,186.98,154.27,472,17-09-2026,PharmaLink,,,,,
21-10-2024,Crocin,Painkiller,Mankind,B9192,67,56.96,41.05,477,04-01-2027,PharmaLink,,,,,
28-02-2024,Amlodipine,Heart,Glenmark,B1491,75,385.41,249.31,241,22-05-2025,Health Distributors,,,,,
24-09-2024,Metformin 500,Diabetes,Lupin,B9963,8,149.2,96.63,71,18-10-2025,PharmaLink,,,,,
20-05-2025,Dolo 650,Painkiller,Dr. Reddy's,B6666,79,63.32,40.23,359,22-12-2025,Health Distributors,,,,,
19-09-2025,Telmisartan,Heart,Glenmark,B5432,62,646.5,418.78,484,28-07-2026,Health Distributors,,,,,
23-05-2025,Azithromycin 500,Antibiotic,Sun Pharma,B4731,56,331.15,232.36,244,25-09-2026,Health Distributors,,,,,
19-07-2024,Dolo 650,Painkiller,Sun Pharma,B1854,3,373.52,244.11,282,23-05-2026,Care Wholesale,,,,,
16-03-2025,Amlodipine,Heart,Mankind,B7024,15,437.16,317.99,224,10-01-2026,PharmaLink,,,,,
23-03-2025,ORS Powder,Hydration,Alkem,B4721,12,504.45,413.79,301,29-09-2025,Care Wholesale,,,,,
16-02-2024,Ibuprofen,Painkiller,Glenmark,B2255,32,493.91,445.99,416,11-10-2024,Health Distributors,,,,,
03-07-2024,Amoxicillin 500,Antibiotic,Zydus,B5790,78,167.08,132.91,335,06-09-2025,MediSupply,,,,,
05-05-2025,Zinc Tablet,Supplement,Lupin,B4372,10,426.56,298.65,128,11-05-2027,Care Wholesale,,,,,
30-03-2025,Insulin,Diabetes,Dr. Reddy's,B5001,71,507.67,323.21,149,27-07-2027,LifeMed Traders,,,,,
15-12-2025,Vitamin D3,Vitamin,Alkem,B8966,45,284.95,247.31,461,07-08-2027,PharmaLink,,,,,
20-05-2024,Crocin,Painkiller,Dr. Reddy's,B4453,40,516.87,379.91,379,05-06-2026,Health Distributors,,,,,
06-02-2024,Insulin,Diabetes,Mankind,B1348,59,637.98,440.24,487,28-11-2024,Care Wholesale,,,,,
11-10-2024,Dolo 650,Painkiller,Torrent,B7290,11,335.06,268.0,30,19-01-2026,Care Wholesale,,,,,
28-01-2025,Paracetamol 500mg,Painkiller,Lupin,B8062,49,247.61,204.26,94,02-06-2027,LifeMed Traders,,,,,
02-02-2024,Dolo 650,Painkiller,Torrent,B6508,4,315.11,247.36,465,15-04-2026,PharmaLink,,,,,
29-01-2024,Diclofenac Gel,Painkiller,Dr. Reddy's,B1935,56,240.37,158.7,443,07-10-2025,Health Distributors,,,,,
25-11-2025,Ibuprofen,Painkiller,Lupin,B9501,69,215.45,135.04,237,01-08-2027,PharmaLink,,,,,
23-04-2025,Cetirizine,Allergy,Lupin,B5598,17,527.4,337.57,464,04-11-2025,PharmaLink,,,,,
09-07-2025,Crocin,Painkiller,Dr. Reddy's,B6926,5,192.24,138.75,315,12-10-2026,PharmaLink,,,,,
13-01-2024,Vitamin D3,Vitamin,Glenmark,B3929,42,87.12,62.94,428,07-04-2025,Care Wholesale,,,,,
26-03-2025,Pantoprazole,Gastric,Sun Pharma,B4569,46,13.33,11.92,245,07-07-2027,Care Wholesale,,,,,
22-03-2024,Dolo 650,Painkiller,Glenmark,B8216,41,182.94,130.19,488,22-11-2024,MediSupply,,,,,
22-09-2024,Vitamin D3,Vitamin,Torrent,B1812,23,456.28,392.12,75,13-12-2026,MediSupply,,,,,
07-07-2024,Azithromycin 500,Antibiotic,Sun Pharma,B4734,75,475.18,310.52,162,14-02-2025,Health Distributors,,,,,
17-01-2024,Vitamin D3,Vitamin,Torrent,B4845,46,470.62,307.85,276,29-08-2024,PharmaLink,,,,,
03-06-2025,Azithromycin 500,Antibiotic,Cipla,B7084,31,276.76,204.17,104,29-10-2026,Care Wholesale,,,,,
16-10-2024,Crocin,Painkiller,Lupin,B7139,47,90.0,71.24,171,05-06-2026,Care Wholesale,,,,,
01-02-2024,Calcium Tablet,Supplement,Glenmark,B1418,20,88.5,78.86,466,27-03-2026,Health Distributors,,,,,
16-11-2024,Zinc Tablet,Supplement,Dr. Reddy's,B6636,66,348.42,233.77,401,31-12-2026,MediSupply,,,,,
03-02-2024,Amlodipine,Heart,Glenmark,B4679,11,350.65,298.42,489,19-10-2024,LifeMed Traders,,,,,
07-10-2025,Cough Syrup,Cold,Glenmark,B1842,16,327.68,250.32,433,27-09-2027,LifeMed Traders,,,,,
16-06-2025,Omeprazole,Gastric,Abbott,B6385,74,250.54,202.93,150,19-08-2026,MediSupply,,,,,
11-04-2025,Insulin,Diabetes,Dr. Reddy's,B6929,31,233.41,147.15,227,01-12-2026,Health Distributors,,,,,
01-06-2025,Insulin,Diabetes,Abbott,B8355,62,53.54,41.79,309,21-07-2026,Care Wholesale,,,,,
08-05-2024,Vitamin C,Vitamin,Glenmark,B3263,53,509.98,417.17,345,25-06-2026,LifeMed Traders,,,,,
15-12-2024,Vitamin D3,Vitamin,Torrent,B9096,54,167.37,146.72,258,11-11-2025,MediSupply,,,,,
16-01-2024,Cetirizine,Allergy,Zydus,B2654,71,106.98,81.71,364,07-11-2025,MediSupply,,,,,
25-01-2024,Dolo 650,Painkiller,Lupin,B7358,17,499.22,313.0,263,16-01-2026,Care Wholesale,,,,,
15-02-2025,Insulin,Diabetes,Mankind,B6515,38,385.8,316.04,60,24-07-2026,LifeMed Traders,,,,,
20-04-2024,Zinc Tablet,Supplement,Glenmark,B7699,46,502.27,447.41,486,19-01-2026,Care Wholesale,,,,,
03-05-2025,Telmisartan,Heart,Torrent,B2372,76,465.61,317.45,469,04-04-2027,MediSupply,,,,,
30-08-2025,Paracetamol 500mg,Painkiller,Glenmark,B3895,49,244.31,171.48,164,21-05-2027,LifeMed Traders,,,,,
09-04-2024,Diclofenac Gel,Painkiller,Torrent,B9604,7,149.02,110.66,288,20-03-2026,LifeMed Traders,,,,,
19-10-2024,Cough Syrup,Cold,Lupin,B1687,23,189.75,150.68,488,10-09-2025,MediSupply,,,,,
11-10-2024,Telmisartan,Heart,Abbott,B3713,13,369.12,262.21,177,25-01-2026,Health Distributors,,,,,
13-05-2025,Calcium Tablet,Supplement,Torrent,B2738,37,311.62,202.0,480,01-08-2026,MediSupply,,,,,
08-04-2024,Vitamin D3,Vitamin,Mankind,B1651,22,151.06,99.42,14,09-06-2026,LifeMed Traders,,,,,
07-01-2024,Ibuprofen,Painkiller,Dr. Reddy's,B7987,48,338.3,223.86,104,19-04-2025,Care Wholesale,,,,,
09-04-2025,Cough Syrup,Cold,Mankind,B9081,16,159.78,138.36,227,22-12-2026,PharmaLink,,,,,
12-10-2024,Crocin,Painkiller,Mankind,B4644,46,383.81,331.38,411,29-06-2025,Health Distributors,,,,,
03-06-2025,Metformin 500,Diabetes,Mankind,B6157,66,207.26,156.22,344,13-02-2026,Health Distributors,,,,,
23-12-2025,Telmisartan,Heart,Cipla,B1583,72,451.95,359.04,338,23-03-2028,Health Distributors,,,,,
23-08-2025,Vitamin C,Vitamin,Mankind,B3481,26,273.9,174.28,135,15-06-2027,Care Wholesale,,,,,
16-10-2024,Cetirizine,Allergy,Zydus,B4509,12,93.9,66.25,486,24-09-2026,Health Distributors,,,,,
17-05-2025,Telmisartan,Heart,Cipla,B5310,23,306.51,254.52,19,15-01-2027,LifeMed Traders,,,,,
28-08-2024,Amlodipine,Heart,Glenmark,B4799,24,389.04,289.87,449,28-12-2025,PharmaLink,,,,,
07-10-2025,Omeprazole,Gastric,Zydus,B4586,62,231.88,181.36,151,12-07-2026,Health Distributors,,,,,
02-04-2025,Calcium Tablet,Supplement,Lupin,B6224,15,217.3,151.83,90,17-01-2027,Health Distributors,,,,,
22-12-2025,Insulin,Diabetes,Lupin,B4847,63,99.55,64.6,307,15-08-2027,Health Distributors,,,,,
03-06-2025,Calcium Tablet,Supplement,Torrent,B6295,53,157.25,103.08,31,28-06-2027,PharmaLink,,,,,
04-02-2025,Metformin 500,Diabetes,Lupin,B5396,34,479.87,365.59,467,27-09-2025,Care Wholesale,,,,,
13-10-2025,Vitamin C,Vitamin,Alkem,B3728,53,463.81,369.79,113,18-11-2027,LifeMed Traders,,,,,
20-09-2025,ORS Powder,Hydration,Cipla,B7212,70,323.7,277.95,10,09-04-2026,Health Distributors,,,,,
20-07-2025,Metformin 500,Diabetes,Alkem,B4251,27,40.54,36.05,185,18-07-2027,MediSupply,,,,,
22-08-2024,Ibuprofen,Painkiller,Lupin,B4532,48,160.88,136.26,169,17-04-2026,LifeMed Traders,,,,,
06-02-2024,Vitamin C,Vitamin,Sun Pharma,B7519,68,563.98,381.7,52,30-12-2025,Care Wholesale,,,,,
16-10-2024,Dolo 650,Painkiller,Mankind,B3025,32,171.62,141.25,17,17-01-2026,Care Wholesale,,,,,
03-10-2024,Amlodipine,Heart,Mankind,B7805,65,442.78,389.0,369,22-03-2027,Health Distributors,,,,,
11-09-2025,Paracetamol 500mg,Painkiller,Abbott,B4183,76,475.4,414.19,405,14-04-2027,LifeMed Traders,,,,,
11-03-2025,Calcium Tablet,Supplement,Alkem,B2633,36,260.65,234.46,234,02-04-2026,PharmaLink,,,,,
20-01-2025,Diclofenac Gel,Painkiller,Zydus,B8919,53,156.77,136.73,287,30-04-2026,PharmaLink,,,,,
07-09-2024,Ibuprofen,Painkiller,Abbott,B9955,51,282.63,177.02,487,22-03-2026,Health Distributors,,,,,
14-08-2025,Pantoprazole,Gastric,Dr. Reddy's,B8811,30,570.16,439.03,228,23-02-2027,LifeMed Traders,,,,,
06-12-2024,Azithromycin 500,Antibiotic,Torrent,B3773,11,101.24,71.55,48,30-12-2026,MediSupply,,,,,
12-09-2024,Omeprazole,Gastric,Glenmark,B4808,61,58.68,45.08,267,12-10-2026,Health Distributors,,,,,
25-02-2025,Omeprazole,Gastric,Torrent,B7660,20,184.83,145.66,18,19-07-2026,Health Distributors,,,,,
29-07-2025,Vitamin D3,Vitamin,Dr. Reddy's,B4862,41,493.19,359.26,491,23-11-2027,PharmaLink,,,,,
10-06-2025,Pantoprazole,Gastric,Zydus,B7974,11,372.19,253.22,471,24-03-2026,Health Distributors,,,,,
14-01-2024,Amlodipine,Heart,Mankind,B2862,22,117.41,79.65,101,03-10-2025,Health Distributors,,,,,
23-06-2024,Telmisartan,Heart,Zydus,B7850,18,387.93,284.76,383,03-07-2026,Care Wholesale,,,,,
30-04-2024,Paracetamol 500mg,Painkiller,Torrent,B7088,35,250.02,200.48,267,22-09-2025,LifeMed Traders,,,,,
24-10-2024,Cetirizine,Allergy,Mankind,B9509,79,287.67,239.28,487,07-05-2026,LifeMed Traders,,,,,
18-04-2025,Vitamin D3,Vitamin,Zydus,B8763,18,127.89,101.09,84,04-04-2027,Health Distributors,,,,,
02-07-2024,Metformin 500,Diabetes,Lupin,B4074,1,84.39,74.45,159,17-12-2026,MediSupply,,,,,
14-04-2025,Azithromycin 500,Antibiotic,Abbott,B2093,60,174.47,154.32,304,20-03-2026,PharmaLink,,,,,
19-12-2024,Ibuprofen,Painkiller,Dr. Reddy's,B6009,36,447.19,285.94,145,27-08-2026,PharmaLink,,,,,
17-09-2024,Zinc Tablet,Supplement,Lupin,B3497,26,363.74,256.01,39,12-11-2026,Health Distributors,,,,,
01-07-2024,ORS Powder,Hydration,Torrent,B7274,67,143.0,124.22,300,19-10-2026,PharmaLink,,,,,
11-09-2025,Diclofenac Gel,Painkiller,Glenmark,B4429,79,196.29,130.54,342,07-07-2027,MediSupply,,,,,
09-08-2024,Paracetamol 500mg,Painkiller,Dr. Reddy's,B8790,19,72.64,48.37,73,23-07-2025,Health Distributors,,,,,
23-02-2024,Metformin 500,Diabetes,Cipla,B6359,55,103.06,68.54,340,17-12-2025,PharmaLink,,,,,
03-09-2024,Cough Syrup,Cold,Cipla,B6816,50,329.35,255.58,361,30-06-2026,PharmaLink,,,,,
27-06-2025,Cough Syrup,Cold,Alkem,B5550,28,59.7,42.56,489,12-06-2026,MediSupply,,,,,
28-03-2025,Telmisartan,Heart,Abbott,B6704,16,335.69,224.62,285,13-12-2026,MediSupply,,,,,
22-04-2025,Paracetamol 500mg,Painkiller,Alkem,B4129,55,443.86,348.67,109,12-07-2027,Care Wholesale,,,,,
11-01-2024,Insulin,Diabetes,Mankind,B6085,25,121.08,94.56,2,01-03-2026,PharmaLink,,,,,
16-09-2024,Azithromycin 500,Antibiotic,Alkem,B5504,35,254.75,230.23,17,06-01-2027,Care Wholesale,,,,,
13-12-2025,Amlodipine,Heart,Sun Pharma,B1498,8,394.98,319.28,497,17-01-2028,Care Wholesale,,,,,
17-05-2025,Zinc Tablet,Supplement,Zydus,B1625,70,125.09,84.81,413,27-02-2026,PharmaLink,,,,,
31-12-2025,Paracetamol 500mg,Painkiller,Glenmark,B2956,17,111.15,75.71,42,01-09-2027,Health Distributors,,,,,
17-11-2024,Pantoprazole,Gastric,Sun Pharma,B1273,25,70.08,51.08,335,03-02-2027,PharmaLink,,,,,
23-08-2025,Metformin 500,Diabetes,Mankind,B7605,2,419.81,327.18,481,31-12-2027,Care Wholesale,,,,,
16-07-2024,Dolo 650,Painkiller,Cipla,B8264,35,503.39,372.67,42,07-07-2025,Health Distributors,,,,,
22-07-2024,Vitamin D3,Vitamin,Glenmark,B6745,1,407.58,312.41,159,25-10-2025,Health Distributors,,,,,
04-08-2025,Metformin 500,Diabetes,Zydus,B2483,60,431.57,377.56,45,30-05-2026,MediSupply,,,,,
21-11-2024,Crocin,Painkiller,Mankind,B4563,22,426.25,269.29,403,30-05-2025,PharmaLink,,,,,
09-09-2024,Pantoprazole,Gastric,Cipla,B6087,25,207.48,144.04,382,21-07-2025,Health Distributors,,,,,
01-07-2024,Amlodipine,Heart,Torrent,B5469,53,181.52,131.3,115,08-07-2025,MediSupply,,,,,
22-09-2024,Cetirizine,Allergy,Torrent,B6957,63,389.79,316.32,181,03-11-2026,PharmaLink,,,,,
08-10-2025,Cough Syrup,Cold,Zydus,B9813,75,369.4,311.67,197,12-09-2026,LifeMed Traders,,,,,
21-12-2024,ORS Powder,Hydration,Lupin,B9253,37,422.99,293.54,106,04-06-2026,LifeMed Traders,,,,,
09-06-2025,Vitamin D3,Vitamin,Cipla,B2889,60,430.0,349.85,133,07-01-2026,LifeMed Traders,,,,,
23-05-2024,Cetirizine,Allergy,Zydus,B1554,73,270.62,214.52,193,24-09-2026,PharmaLink,,,,,
09-01-2024,Azithromycin 500,Antibiotic,Alkem,B4065,44,104.57,78.17,331,17-10-2024,PharmaLink,,,,,
23-04-2025,Calcium Tablet,Supplement,Mankind,B8478,57,368.53,249.68,414,13-07-2027,LifeMed Traders,,,,,
12-02-2025,Diclofenac Gel,Painkiller,Lupin,B8906,48,265.52,217.32,307,22-07-2026,Care Wholesale,,,,,
27-08-2024,Calcium Tablet,Supplement,Sun Pharma,B7977,65,535.4,345.32,55,30-04-2026,PharmaLink,,,,,
30-08-2025,Diclofenac Gel,Painkiller,Lupin,B9586,39,27.96,20.62,453,30-10-2027,MediSupply,,,,,
13-05-2024,Diclofenac Gel,Painkiller,Mankind,B6067,7,450.12,301.23,496,09-02-2025,MediSupply,,,,,
09-02-2025,Insulin,Diabetes,Zydus,B5936,19,89.22,81.08,102,31-01-2026,PharmaLink,,,,,
29-08-2024,Crocin,Painkiller,Mankind,B7131,32,510.34,387.13,78,27-01-2027,Health Distributors,,,,,
18-12-2024,Omeprazole,Gastric,Mankind,B8738,51,71.72,52.16,357,19-01-2026,Care Wholesale,,,,,
08-04-2024,Pantoprazole,Gastric,Dr. Reddy's,B5639,18,225.78,179.31,204,04-09-2025,Care Wholesale,,,,,
30-06-2025,Zinc Tablet,Supplement,Lupin,B3918,76,53.32,39.67,13,11-08-2026,MediSupply,,,,,
14-12-2024,Insulin,Diabetes,Alkem,B2265,77,252.79,229.64,384,24-07-2026,MediSupply,,,,,
11-07-2024,Amoxicillin 500,Antibiotic,Zydus,B3947,12,34.48,27.56,173,04-02-2026,Care Wholesale,,,,,
14-11-2024,Amoxicillin 500,Antibiotic,Torrent,B3941,5,270.36,178.97,133,18-07-2026,MediSupply,,,,,
18-04-2024,Amlodipine,Heart,Abbott,B1200,13,243.67,213.5,335,03-12-2025,MediSupply,,,,,
11-08-2025,Metformin 500,Diabetes,Mankind,B7581,2,334.93,232.08,248,08-12-2027,Care Wholesale,,,,,
11-03-2025,Dolo 650,Painkiller,Torrent,B9225,78,173.33,122.32,413,12-12-2026,PharmaLink,,,,,
01-07-2025,Omeprazole,Gastric,Alkem,B7282,23,505.7,437.52,217,25-06-2027,Health Distributors,,,,,
11-12-2024,Amoxicillin 500,Antibiotic,Sun Pharma,B8454,34,620.91,427.1,101,18-11-2026,Care Wholesale,,,,,
15-10-2024,Dolo 650,Painkiller,Zydus,B7050,59,39.28,25.61,187,03-06-2025,PharmaLink,,,,,
22-11-2025,Telmisartan,Heart,Alkem,B5804,70,209.68,138.9,136,20-11-2026,PharmaLink,,,,,
02-04-2025,Telmisartan,Heart,Sun Pharma,B1599,77,214.81,151.49,57,29-09-2026,LifeMed Traders,,,,,
28-06-2024,Amlodipine,Heart,Dr. Reddy's,B8063,19,51.8,45.15,324,14-05-2026,PharmaLink,,,,,
06-12-2025,Insulin,Diabetes,Zydus,B1665,68,437.91,280.82,291,16-09-2027,Health Distributors,,,,,
09-02-2024,Metformin 500,Diabetes,Alkem,B2290,13,115.73,72.86,195,13-01-2026,PharmaLink,,,,,
14-02-2025,Calcium Tablet,Supplement,Lupin,B2298,33,28.18,17.89,369,12-06-2027,Care Wholesale,,,,,
07-08-2025,Azithromycin 500,Antibiotic,Dr. Reddy's,B1800,66,154.38,123.35,276,10-10-2026,PharmaLink,,,,,
08-08-2024,Diclofenac Gel,Painkiller,Zydus,B1749,24,453.87,344.24,141,02-07-2026,LifeMed Traders,,,,,
25-11-2025,Amlodipine,Heart,Mankind,B3126,27,147.66,133.93,9,22-07-2027,PharmaLink,,,,,
05-09-2025,Vitamin D3,Vitamin,Zydus,B1296,13,506.43,357.29,113,20-10-2026,PharmaLink,,,,,
18-09-2025,Vitamin C,Vitamin,Cipla,B6386,59,196.88,135.22,301,21-05-2027,LifeMed Traders,,,,,
25-07-2025,Amlodipine,Heart,Zydus,B3486,45,17.21,13.55,421,21-04-2027,Care Wholesale,,,,,
29-06-2025,Omeprazole,Gastric,Dr. Reddy's,B2287,33,454.49,316.39,206,28-01-2026,Care Wholesale,,,,,
26-03-2024,Ibuprofen,Painkiller,Alkem,B6166,48,158.83,99.74,155,17-07-2025,Care Wholesale,,,,,
08-06-2024,Pantoprazole,Gastric,Sun Pharma,B7805,46,336.3,284.19,289,19-02-2026,Health Distributors,,,,,
17-05-2025,Calcium Tablet,Supplement,Abbott,B3023,69,573.57,445.44,67,05-12-2026,Health Distributors,,,,,
04-08-2024,Amlodipine,Heart,Dr. Reddy's,B7571,23,618.6,446.52,442,12-07-2025,LifeMed Traders,,,,,
10-08-2024,Telmisartan,Heart,Alkem,B2730,41,269.9,192.84,394,12-02-2026,PharmaLink,,,,,
29-06-2025,Cough Syrup,Cold,Abbott,B5690,64,277.36,181.34,387,15-04-2027,Care Wholesale,,,,,
13-02-2025,Cetirizine,Allergy,Mankind,B3822,43,185.11,135.48,390,30-11-2026,Health Distributors,,,,,
30-10-2025,Amlodipine,Heart,Glenmark,B4673,25,252.4,192.8,325,27-05-2026,MediSupply,,,,,
30-05-2025,Zinc Tablet,Supplement,Glenmark,B6325,53,629.23,449.52,484,19-12-2025,LifeMed Traders,,,,,
05-08-2025,Vitamin C,Vitamin,Mankind,B7378,48,410.26,284.47,11,09-10-2027,LifeMed Traders,,,,,
14-06-2024,Cough Syrup,Cold,Dr. Reddy's,B4273,31,307.4,210.33,89,08-04-2026,PharmaLink,,,,,
07-03-2024,Amoxicillin 500,Antibiotic,Torrent,B8268,60,485.42,403.34,235,11-05-2025,MediSupply,,,,,
27-05-2025,Cetirizine,Allergy,Zydus,B5011,43,437.77,291.49,446,05-05-2026,Care Wholesale,,,,,
03-02-2024,Crocin,Painkiller,Sun Pharma,B2152,67,403.27,309.45,240,30-08-2025,Care Wholesale,,,,,
03-05-2024,Vitamin D3,Vitamin,Abbott,B8184,69,455.26,324.38,365,23-11-2024,Care Wholesale,,,,,
11-02-2025,Dolo 650,Painkiller,Torrent,B9381,6,547.16,374.11,186,23-09-2026,Care Wholesale,,,,,
16-04-2024,Telmisartan,Heart,Cipla,B3768,75,89.29,72.52,385,04-02-2025,PharmaLink,,,,,
25-05-2024,Telmisartan,Heart,Alkem,B6407,27,616.38,411.53,135,28-02-2025,Health Distributors,,,,,
07-09-2024,Pantoprazole,Gastric,Zydus,B5225,57,435.51,342.59,169,10-06-2026,LifeMed Traders,,,,,
06-02-2024,Vitamin D3,Vitamin,Glenmark,B7076,37,404.45,344.5,13,18-03-2025,LifeMed Traders,,,,,
10-11-2024,Insulin,Diabetes,Torrent,B5831,40,501.85,425.6,243,02-08-2026,MediSupply,,,,,
14-09-2025,Amoxicillin 500,Antibiotic,Mankind,B5963,30,177.29,137.21,14,15-10-2026,MediSupply,,,,,
22-09-2024,Diclofenac Gel,Painkiller,Sun Pharma,B3791,67,228.82,168.96,207,22-07-2026,PharmaLink,,,,,
28-05-2025,Amoxicillin 500,Antibiotic,Glenmark,B9605,63,189.11,146.92,331,16-05-2026,Care Wholesale,,,,,
23-01-2025,Cetirizine,Allergy,Zydus,B4382,44,22.48,14.29,115,03-06-2026,MediSupply,,,,,
15-09-2025,Amoxicillin 500,Antibiotic,Torrent,B8525,26,525.93,351.88,182,06-08-2027,LifeMed Traders,,,,,
21-08-2024,Paracetamol 500mg,Painkiller,Abbott,B2619,5,430.28,335.69,204,20-11-2026,PharmaLink,,,,,
04-10-2024,Cough Syrup,Cold,Cipla,B1917,69,345.33,252.55,446,22-06-2025,Care Wholesale,,,,,
10-09-2024,Diclofenac Gel,Painkiller,Abbott,B5015,24,174.07,116.15,353,04-01-2027,MediSupply,,,,,
11-02-2024,Pantoprazole,Gastric,Mankind,B2043,36,543.55,440.88,46,19-02-2025,MediSupply,,,,,
03-03-2024,Cough Syrup,Cold,Torrent,B2610,75,121.98,99.82,244,18-12-2025,LifeMed Traders,,,,,
11-10-2025,Dolo 650,Painkiller,Alkem,B4234,57,53.95,40.29,42,09-08-2027,Health Distributors,,,,,
08-08-2024,Ibuprofen,Painkiller,Glenmark,B2827,2,340.56,272.45,297,20-04-2026,Care Wholesale,,,,,
12-10-2025,ORS Powder,Hydration,Glenmark,B5435,1,371.3,279.57,128,31-05-2027,Care Wholesale,,,,,
03-06-2025,Cetirizine,Allergy,Alkem,B5079,39,275.21,221.61,135,28-05-2027,PharmaLink,,,,,
30-05-2025,Vitamin D3,Vitamin,Abbott,B6229,24,190.73,144.49,249,02-12-2025,LifeMed Traders,,,,,
16-06-2024,Omeprazole,Gastric,Zydus,B6610,39,128.82,87.03,48,11-03-2026,LifeMed Traders,,,,,
21-04-2024,Cetirizine,Allergy,Dr. Reddy's,B9690,65,416.5,345.18,156,10-09-2025,Care Wholesale,,,,,
16-09-2025,Azithromycin 500,Antibiotic,Torrent,B7491,42,144.96,100.95,80,27-09-2026,MediSupply,,,,,
09-11-2025,Cetirizine,Allergy,Glenmark,B7830,61,122.24,77.45,334,07-01-2028,PharmaLink,,,,,
28-04-2025,Vitamin C,Vitamin,Torrent,B6467,48,638.7,420.97,74,03-09-2026,PharmaLink,,,,,
11-11-2024,Metformin 500,Diabetes,Zydus,B1906,54,254.14,195.98,2,27-06-2026,Care Wholesale,,,,,
12-04-2025,Insulin,Diabetes,Mankind,B5193,26,385.12,347.04,106,17-08-2027,PharmaLink,,,,,
25-11-2024,Insulin,Diabetes,Sun Pharma,B4522,72,254.3,196.95,286,14-12-2025,LifeMed Traders,,,,,
07-10-2024,Cough Syrup,Cold,Zydus,B8698,42,67.46,55.22,370,09-08-2026,Health Distributors,,,,,
12-09-2024,Amlodipine,Heart,Zydus,B1919,49,184.99,131.82,30,22-06-2025,PharmaLink,,,,,
13-01-2025,Vitamin D3,Vitamin,Abbott,B6317,61,250.47,201.65,68,25-09-2025,Care Wholesale,,,,,
26-08-2025,Amoxicillin 500,Antibiotic,Mankind,B6371,12,168.11,140.09,224,31-10-2026,LifeMed Traders,,,,,
24-07-2025,Ibuprofen,Painkiller,Torrent,B6143,3,302.35,242.71,71,30-03-2026,PharmaLink,,,,,
07-07-2024,Pantoprazole,Gastric,Dr. Reddy's,B5243,47,182.08,150.0,170,25-07-2025,PharmaLink,,,,,
23-05-2024,Zinc Tablet,Supplement,Sun Pharma,B1786,51,79.21,60.68,412,01-04-2026,LifeMed Traders,,,,,
17-01-2025,Dolo 650,Painkiller,Abbott,B6358,5,19.99,15.16,491,14-12-2026,LifeMed Traders,,,,,
11-08-2025,Omeprazole,Gastric,Torrent,B2840,10,176.29,155.52,289,12-05-2026,LifeMed Traders,,,,,
30-03-2024,Cetirizine,Allergy,Abbott,B8060,25,349.13,261.67,384,09-12-2024,PharmaLink,,,,,
04-06-2024,Pantoprazole,Gastric,Zydus,B9646,74,335.84,295.5,173,10-03-2026,Care Wholesale,,,,,
11-08-2025,Paracetamol 500mg,Painkiller,Lupin,B4690,50,194.65,137.87,9,15-02-2026,PharmaLink,,,,,
22-09-2024,Telmisartan,Heart,Mankind,B4282,42,537.61,386.16,272,02-07-2026,LifeMed Traders,,,,,
05-06-2024,Insulin,Diabetes,Glenmark,B1429,40,107.4,91.47,92,15-03-2025,LifeMed Traders,,,,,
10-05-2024,Zinc Tablet,Supplement,Sun Pharma,B4770,42,389.14,246.71,445,24-09-2025,MediSupply,,,,,
16-06-2024,ORS Powder,Hydration,Torrent,B1447,28,241.58,195.53,395,11-12-2025,MediSupply,,,,,
19-01-2025,Pantoprazole,Gastric,Cipla,B8320,27,29.51,19.24,194,06-09-2025,Care Wholesale,,,,,
29-07-2024,Amlodipine,Heart,Dr. Reddy's,B9301,16,486.57,348.77,47,23-07-2025,LifeMed Traders,,,,,
15-06-2024,Cough Syrup,Cold,Cipla,B6871,63,397.27,342.42,379,23-08-2026,PharmaLink,,,,,
03-08-2024,Telmisartan,Heart,Dr. Reddy's,B9335,47,665.11,443.44,244,18-10-2025,Health Distributors,,,,,
08-01-2024,Pantoprazole,Gastric,Sun Pharma,B6078,13,230.52,175.97,181,10-07-2025,Health Distributors,,,,,
22-08-2024,Telmisartan,Heart,Torrent,B1259,50,513.85,449.87,448,15-06-2026,PharmaLink,,,,,
24-05-2024,Metformin 500,Diabetes,Sun Pharma,B3551,2,454.74,382.56,65,05-05-2026,MediSupply,,,,,
03-03-2024,Omeprazole,Gastric,Sun Pharma,B7797,38,327.16,271.52,190,24-05-2026,MediSupply,,,,,
27-06-2024,Telmisartan,Heart,Mankind,B3660,24,667.63,421.84,186,15-04-2025,Health Distributors,,,,,
09-11-2024,Omeprazole,Gastric,Dr. Reddy's,B1466,34,239.85,186.42,318,01-04-2026,Health Distributors,,,,,
26-04-2025,Metformin 500,Diabetes,Sun Pharma,B7177,53,35.53,23.13,23,28-04-2027,LifeMed Traders,,,,,
10-06-2024,Cough Syrup,Cold,Mankind,B2086,29,66.58,52.25,47,09-02-2026,Health Distributors,,,,,
01-03-2025,Omeprazole,Gastric,Zydus,B1011,18,528.75,386.41,438,07-05-2027,PharmaLink,,,,,
20-09-2024,Omeprazole,Gastric,Zydus,B2579,47,92.35,64.66,489,07-12-2026,Care Wholesale,,,,,
19-07-2024,Omeprazole,Gastric,Glenmark,B2346,19,86.36,63.62,115,21-11-2026,Health Distributors,,,,,
21-09-2025,Amlodipine,Heart,Torrent,B5933,24,66.13,54.51,373,24-01-2028,PharmaLink,,,,,
16-06-2025,Pantoprazole,Gastric,Glenmark,B6373,35,376.89,236.47,389,26-04-2026,Care Wholesale,,,,,
16-08-2025,Insulin,Diabetes,Mankind,B4242,50,508.7,333.49,323,02-04-2026,MediSupply,,,,,
11-10-2025,Paracetamol 500mg,Painkiller,Mankind,B1191,21,34.56,23.08,203,05-03-2027,LifeMed Traders,,,,,
18-12-2024,Omeprazole,Gastric,Zydus,B4519,74,139.63,90.98,207,21-09-2026,Care Wholesale,,,,,
12-07-2025,Zinc Tablet,Supplement,Torrent,B6525,66,298.06,202.42,473,19-12-2026,MediSupply,,,,,
14-05-2025,Vitamin D3,Vitamin,Alkem,B9504,13,463.83,349.23,342,26-10-2026,PharmaLink,,,,,
12-03-2025,Crocin,Painkiller,Alkem,B8494,17,461.88,291.89,48,28-04-2026,Health Distributors,,,,,
30-12-2025,Azithromycin 500,Antibiotic,Abbott,B2359,40,213.15,138.71,231,17-09-2027,LifeMed Traders,,,,,
07-06-2025,Cetirizine,Allergy,Lupin,B4255,29,143.09,94.14,397,21-12-2025,PharmaLink,,,,,
04-06-2024,Cough Syrup,Cold,Glenmark,B6941,7,350.59,256.79,409,30-05-2026,LifeMed Traders,,,,,
19-06-2024,Vitamin C,Vitamin,Abbott,B4707,22,199.56,173.52,325,26-09-2026,MediSupply,,,,,
10-03-2025,Ibuprofen,Painkiller,Glenmark,B9548,52,480.03,387.37,151,10-10-2026,Care Wholesale,,,,,
25-11-2024,Omeprazole,Gastric,Zydus,B6105,1,106.95,68.16,38,05-02-2026,MediSupply,,,,,
09-03-2024,Zinc Tablet,Supplement,Glenmark,B4972,19,44.61,34.18,246,16-02-2025,Care Wholesale,,,,,
04-02-2025,Cetirizine,Allergy,Lupin,B5525,45,329.84,269.41,36,22-03-2026,MediSupply,,,,,
22-08-2025,Amlodipine,Heart,Cipla,B5513,57,500.24,425.4,72,07-01-2028,PharmaLink,,,,,
17-06-2025,Paracetamol 500mg,Painkiller,Cipla,B8180,77,167.55,145.53,241,08-08-2026,PharmaLink,,,,,
16-09-2025,Azithromycin 500,Antibiotic,Abbott,B1671,44,237.06,208.83,448,18-12-2026,Care Wholesale,,,,,
03-10-2025,Vitamin D3,Vitamin,Cipla,B4680,63,298.27,214.2,388,24-01-2027,LifeMed Traders,,,,,
09-09-2025,Azithromycin 500,Antibiotic,Cipla,B9102,31,662.36,432.2,445,17-01-2028,Care Wholesale,,,,,
15-10-2025,Telmisartan,Heart,Sun Pharma,B9320,36,80.92,54.49,463,26-12-2026,PharmaLink,,,,,
31-12-2024,Telmisartan,Heart,Torrent,B9109,63,51.46,44.73,124,18-02-2027,MediSupply,,,,,
12-11-2025,Diclofenac Gel,Painkiller,Lupin,B7157,63,200.57,125.46,287,22-01-2028,LifeMed Traders,,,,,
13-02-2024,Cough Syrup,Cold,Lupin,B2924,13,382.18,273.93,294,16-11-2024,MediSupply,,,,,
19-11-2025,Insulin,Diabetes,Glenmark,B6690,51,450.73,321.51,367,27-06-2026,Care Wholesale,,,,,
19-06-2025,Pantoprazole,Gastric,Glenmark,B4539,56,31.81,24.48,342,11-01-2026,LifeMed Traders,,,,,
07-10-2025,Cetirizine,Allergy,Sun Pharma,B8481,53,489.77,426.11,410,04-05-2026,PharmaLink,,,,,
26-12-2024,Insulin,Diabetes,Alkem,B6316,58,536.66,438.32,401,11-08-2025,Care Wholesale,,,,,
02-08-2024,Vitamin D3,Vitamin,Mankind,B6710,42,390.36,254.85,379,15-03-2026,MediSupply,,,,,
07-12-2024,Omeprazole,Gastric,Cipla,B2659,30,223.85,163.5,162,14-04-2026,Health Distributors,,,,,
28-09-2025,Amlodipine,Heart,Alkem,B8953,49,271.74,227.76,103,23-12-2026,PharmaLink,,,,,
05-01-2025,Metformin 500,Diabetes,Zydus,B4109,42,539.63,341.61,8,26-10-2025,LifeMed Traders,,,,,
18-12-2025,Calcium Tablet,Supplement,Abbott,B7520,72,364.32,291.9,275,15-12-2026,LifeMed Traders,,,,,
05-04-2024,Crocin,Painkiller,Dr. Reddy's,B3388,52,67.18,48.02,436,28-06-2025,PharmaLink,,,,,
10-02-2025,Ibuprofen,Painkiller,Alkem,B2346,38,86.35,66.8,314,15-03-2027,PharmaLink,,,,,
11-02-2024,Vitamin C,Vitamin,Zydus,B4677,36,137.4,116.69,13,28-12-2025,MediSupply,,,,,
26-03-2025,Vitamin C,Vitamin,Dr. Reddy's,B1340,2,355.59,294.37,151,29-05-2026,LifeMed Traders,,,,,
